"","","filenames"
"1","1","bus_001.txt"
"2","2","bus_002.txt"
"3","3","bus_003.txt"
"4","4","bus_004.txt"
"5","5","bus_005.txt"
"6","6","bus_006.txt"
"7","7","bus_007.txt"
"8","8","bus_008.txt"
"9","9","bus_009.txt"
"10","10","bus_010.txt"
"11","11","ent_001.txt"
"12","12","ent_002.txt"
"13","13","ent_003.txt"
"14","14","ent_004.txt"
"15","15","ent_005.txt"
"16","16","ent_006.txt"
"17","17","ent_007.txt"
"18","18","ent_008.txt"
"19","19","ent_009.txt"
"20","20","ent_010.txt"
"21","21","pol_001.txt"
"22","22","pol_002.txt"
"23","23","pol_003.txt"
"24","24","pol_004.txt"
"25","25","pol_005.txt"
"26","26","pol_006.txt"
"27","27","pol_007.txt"
"28","28","pol_008.txt"
"29","29","pol_009.txt"
"30","30","pol_010.txt"
"31","31","spo_001.txt"
"32","32","spo_002.txt"
"33","33","spo_003.txt"
"34","34","spo_004.txt"
"35","35","spo_005.txt"
"36","36","spo_006.txt"
"37","37","spo_007.txt"
"38","38","spo_008.txt"
"39","39","spo_009.txt"
"40","40","spo_010.txt"
"41","41","tec_001.txt"
"42","42","tec_002.txt"
"43","43","tec_003.txt"
"44","44","tec_004.txt"
"45","45","tec_005.txt"
"46","46","tec_006.txt"
"47","47","tec_007.txt"
"48","48","tec_008.txt"
"49","49","tec_009.txt"
"50","50","tec_010.txt"
