"","V1"
"spo_001.txt",2
"spo_002.txt",2
"spo_003.txt",2
"spo_004.txt",2
"spo_005.txt",2
"spo_006.txt",2
"spo_007.txt",2
"spo_008.txt",2
"spo_009.txt",2
"spo_010.txt",2
"spo_011.txt",2
"spo_012.txt",2
"spo_013.txt",2
"spo_014.txt",2
"spo_015.txt",2
"spo_016.txt",2
"spo_017.txt",2
"spo_018.txt",2
"spo_019.txt",2
"spo_020.txt",2
"spo_021.txt",2
"spo_022.txt",2
"spo_023.txt",2
"spo_024.txt",2
"spo_025.txt",2
"spo_026.txt",2
"spo_027.txt",2
"spo_028.txt",2
"spo_029.txt",2
"spo_030.txt",2
"spo_031.txt",2
"spo_032.txt",2
"spo_033.txt",2
"spo_034.txt",2
"spo_035.txt",2
"spo_036.txt",2
"spo_037.txt",2
"spo_038.txt",2
"spo_039.txt",2
"spo_040.txt",2
"spo_041.txt",2
"spo_042.txt",2
"spo_043.txt",2
"spo_044.txt",2
"spo_045.txt",2
"spo_046.txt",2
"spo_047.txt",2
"spo_048.txt",2
"spo_049.txt",2
"spo_050.txt",2
"spo_051.txt",2
"spo_052.txt",2
"spo_053.txt",2
"spo_054.txt",2
"spo_055.txt",2
"spo_056.txt",2
"spo_057.txt",2
"spo_058.txt",2
"spo_059.txt",2
"spo_060.txt",2
"spo_061.txt",2
"spo_062.txt",2
"spo_063.txt",2
"spo_064.txt",2
"spo_065.txt",2
"spo_066.txt",2
"spo_067.txt",2
"spo_068.txt",2
"spo_069.txt",2
"spo_070.txt",2
"spo_071.txt",2
"spo_072.txt",2
"spo_073.txt",2
"spo_074.txt",2
"spo_075.txt",2
"spo_076.txt",2
"spo_077.txt",2
"spo_078.txt",2
"spo_079.txt",2
"spo_080.txt",2
"spo_081.txt",2
"spo_082.txt",2
"spo_083.txt",2
"spo_084.txt",2
"spo_085.txt",2
"spo_086.txt",2
"spo_087.txt",2
"spo_088.txt",2
"spo_089.txt",2
"spo_090.txt",2
"spo_091.txt",2
"spo_092.txt",2
"spo_093.txt",4
"spo_094.txt",2
"spo_095.txt",4
"spo_096.txt",4
"spo_097.txt",1
"spo_098.txt",1
"spo_099.txt",5
"spo_100.txt",1
"spo_101.txt",4
"spo_102.txt",1
"spo_103.txt",4
"spo_104.txt",4
"spo_105.txt",4
"spo_106.txt",4
"spo_107.txt",4
"spo_108.txt",4
"spo_109.txt",4
"spo_110.txt",1
"spo_111.txt",4
"spo_112.txt",1
"spo_113.txt",4
"spo_114.txt",1
"spo_115.txt",1
"spo_116.txt",1
"spo_117.txt",1
"spo_118.txt",1
"spo_119.txt",1
"spo_120.txt",4
"spo_121.txt",1
"spo_122.txt",4
"spo_123.txt",4
"spo_124.txt",1
"spo_125.txt",1
"spo_126.txt",1
"spo_127.txt",4
"spo_128.txt",1
"spo_129.txt",4
"spo_130.txt",4
"spo_131.txt",2
"spo_132.txt",3
"spo_133.txt",3
"spo_134.txt",3
"spo_135.txt",1
"spo_136.txt",1
"spo_137.txt",4
"spo_138.txt",4
"spo_139.txt",4
"spo_140.txt",1
"spo_141.txt",1
"spo_142.txt",1
"spo_143.txt",1
"spo_144.txt",4
"spo_145.txt",4
"spo_146.txt",4
"spo_147.txt",4
"spo_148.txt",4
"spo_149.txt",1
"spo_150.txt",4
"spo_151.txt",4
"spo_152.txt",4
"spo_153.txt",1
"spo_154.txt",1
"spo_155.txt",1
"spo_156.txt",1
"spo_157.txt",1
"spo_158.txt",1
"spo_159.txt",1
"spo_160.txt",1
"spo_161.txt",1
"spo_162.txt",1
"spo_163.txt",4
"spo_164.txt",1
"spo_165.txt",1
"spo_166.txt",4
"spo_167.txt",1
"spo_168.txt",1
"spo_169.txt",1
"spo_170.txt",1
"spo_171.txt",4
"spo_172.txt",1
"spo_173.txt",4
"spo_174.txt",4
"spo_175.txt",1
"spo_176.txt",4
"spo_177.txt",1
"spo_178.txt",4
"spo_179.txt",4
"spo_180.txt",4
"spo_181.txt",1
"spo_182.txt",1
"spo_183.txt",1
"spo_184.txt",4
"spo_185.txt",4
"spo_186.txt",1
"spo_187.txt",1
"spo_188.txt",4
"spo_189.txt",1
"spo_190.txt",3
"spo_191.txt",1
"spo_192.txt",4
"spo_193.txt",1
"spo_194.txt",1
"spo_195.txt",1
"spo_196.txt",1
"spo_197.txt",4
"spo_198.txt",1
"spo_199.txt",1
"spo_200.txt",4
"spo_201.txt",1
"spo_202.txt",1
"spo_203.txt",1
"spo_204.txt",1
"spo_205.txt",4
"spo_206.txt",1
"spo_207.txt",1
"spo_208.txt",1
"spo_209.txt",1
"spo_210.txt",1
"spo_211.txt",1
"spo_212.txt",1
"spo_213.txt",2
"spo_214.txt",4
"spo_215.txt",3
"spo_216.txt",1
"spo_217.txt",4
"spo_218.txt",1
"spo_219.txt",4
"spo_220.txt",1
"spo_221.txt",4
"spo_222.txt",4
"spo_223.txt",1
"spo_224.txt",4
"spo_225.txt",4
"spo_226.txt",1
"spo_227.txt",1
"spo_228.txt",1
"spo_229.txt",4
"spo_230.txt",1
"spo_231.txt",1
"spo_232.txt",1
"spo_233.txt",4
"spo_234.txt",1
"spo_235.txt",1
"spo_236.txt",1
"spo_237.txt",1
"spo_238.txt",4
"spo_239.txt",1
"spo_240.txt",4
"spo_241.txt",2
"spo_242.txt",1
"spo_243.txt",1
"spo_244.txt",1
"spo_245.txt",1
"spo_246.txt",4
"spo_247.txt",1
"spo_248.txt",4
"spo_249.txt",1
"spo_250.txt",1
"spo_251.txt",1
"spo_252.txt",4
"spo_253.txt",4
"spo_254.txt",1
"spo_255.txt",4
"spo_256.txt",1
"spo_257.txt",1
"spo_258.txt",1
"spo_259.txt",4
"spo_260.txt",1
"spo_261.txt",3
"spo_262.txt",1
"spo_263.txt",4
"spo_264.txt",1
"spo_265.txt",1
"spo_266.txt",1
"spo_267.txt",1
"spo_268.txt",4
"spo_269.txt",4
"spo_270.txt",1
"spo_271.txt",1
"spo_272.txt",1
"spo_273.txt",1
"spo_274.txt",1
"spo_275.txt",1
"spo_276.txt",1
"spo_277.txt",1
"spo_278.txt",4
"spo_279.txt",1
"spo_280.txt",1
"spo_281.txt",1
"spo_282.txt",4
"spo_283.txt",4
"spo_284.txt",5
"spo_285.txt",5
"spo_286.txt",5
"spo_287.txt",5
"spo_288.txt",5
"spo_289.txt",5
"spo_290.txt",5
"spo_291.txt",5
"spo_292.txt",5
"spo_293.txt",4
"spo_294.txt",5
"spo_295.txt",5
"spo_296.txt",5
"spo_297.txt",5
"spo_298.txt",5
"spo_299.txt",5
"spo_300.txt",5
"spo_301.txt",5
"spo_302.txt",5
"spo_303.txt",5
"spo_304.txt",5
"spo_305.txt",5
"spo_306.txt",5
"spo_307.txt",5
"spo_308.txt",5
"spo_309.txt",5
"spo_310.txt",5
"spo_311.txt",5
"spo_312.txt",5
"spo_313.txt",5
"spo_314.txt",5
"spo_315.txt",5
"spo_316.txt",5
"spo_317.txt",1
"spo_318.txt",5
"spo_319.txt",2
"spo_320.txt",5
"spo_321.txt",5
"spo_322.txt",5
"spo_323.txt",5
"spo_324.txt",5
"spo_325.txt",5
"spo_326.txt",5
"spo_327.txt",5
"spo_328.txt",5
"spo_329.txt",5
"spo_330.txt",5
"spo_331.txt",5
"spo_332.txt",5
"spo_333.txt",5
"spo_334.txt",5
"spo_335.txt",5
"spo_336.txt",5
"spo_337.txt",5
"spo_338.txt",5
"spo_339.txt",5
"spo_340.txt",5
"spo_341.txt",5
"spo_342.txt",5
"spo_343.txt",5
"spo_344.txt",5
"spo_345.txt",5
"spo_346.txt",5
"spo_347.txt",5
"spo_348.txt",5
"spo_349.txt",5
"spo_350.txt",5
"spo_351.txt",5
"spo_352.txt",5
"spo_353.txt",5
"spo_354.txt",5
"spo_355.txt",5
"spo_356.txt",5
"spo_357.txt",5
"spo_358.txt",5
"spo_359.txt",5
"spo_360.txt",5
"spo_361.txt",1
"spo_362.txt",5
"spo_363.txt",1
"spo_364.txt",5
"spo_365.txt",1
"spo_366.txt",5
"spo_367.txt",5
"spo_368.txt",5
"spo_369.txt",5
"spo_370.txt",5
"spo_371.txt",5
"spo_372.txt",1
"spo_373.txt",5
"spo_374.txt",3
"spo_375.txt",5
"spo_376.txt",5
"spo_377.txt",5
"spo_378.txt",5
"spo_379.txt",5
"spo_380.txt",4
"spo_381.txt",3
"spo_382.txt",5
"spo_383.txt",5
"spo_384.txt",4
"spo_385.txt",5
"spo_386.txt",1
"spo_387.txt",5
"spo_388.txt",5
"spo_389.txt",5
"spo_390.txt",1
"spo_391.txt",5
"spo_392.txt",5
"spo_393.txt",1
"spo_394.txt",5
"spo_395.txt",5
"spo_396.txt",5
"spo_397.txt",1
"spo_398.txt",1
"spo_399.txt",1
"spo_400.txt",3
"spo_401.txt",5
"spo_402.txt",5
"spo_403.txt",5
"spo_404.txt",5
"spo_405.txt",5
"spo_406.txt",5
"spo_407.txt",5
"spo_408.txt",5
"spo_409.txt",5
"spo_410.txt",5
"spo_411.txt",5
"spo_412.txt",5
"spo_413.txt",5
"spo_414.txt",5
"spo_415.txt",5
"spo_416.txt",5
"spo_417.txt",5
"spo_418.txt",5
"spo_419.txt",5
"spo_420.txt",5
"spo_421.txt",3
"spo_422.txt",3
"spo_423.txt",3
"spo_424.txt",3
"spo_425.txt",3
"spo_426.txt",3
"spo_427.txt",3
"spo_428.txt",3
"spo_429.txt",3
"spo_430.txt",3
"spo_431.txt",3
"spo_432.txt",1
"spo_433.txt",3
"spo_434.txt",3
"spo_435.txt",3
"spo_436.txt",3
"spo_437.txt",3
"spo_438.txt",1
"spo_439.txt",3
"spo_440.txt",3
"spo_441.txt",3
"spo_442.txt",3
"spo_443.txt",3
"spo_444.txt",3
"spo_445.txt",3
"spo_446.txt",3
"spo_447.txt",3
"spo_448.txt",2
"spo_449.txt",3
"spo_450.txt",3
"spo_451.txt",3
"spo_452.txt",3
"spo_453.txt",3
"spo_454.txt",3
"spo_455.txt",3
"spo_456.txt",3
"spo_457.txt",3
"spo_458.txt",3
"spo_459.txt",3
"spo_460.txt",3
"spo_461.txt",1
"spo_462.txt",3
"spo_463.txt",3
"spo_464.txt",1
"spo_465.txt",3
"spo_466.txt",3
"spo_467.txt",3
"spo_468.txt",3
"spo_469.txt",3
"spo_470.txt",3
"spo_471.txt",3
"spo_472.txt",3
"spo_473.txt",3
"spo_474.txt",3
"spo_475.txt",3
"spo_476.txt",3
"spo_477.txt",3
"spo_478.txt",3
"spo_479.txt",3
"spo_480.txt",3
"spo_481.txt",3
"spo_482.txt",1
"spo_483.txt",3
"spo_484.txt",3
"spo_485.txt",2
"spo_486.txt",3
"spo_487.txt",3
"spo_488.txt",3
"spo_489.txt",3
"spo_490.txt",3
"spo_491.txt",3
"spo_492.txt",3
"spo_493.txt",1
"spo_494.txt",3
"spo_495.txt",3
"spo_496.txt",3
"spo_497.txt",3
"spo_498.txt",3
"spo_499.txt",3
"spo_500.txt",3
"spo_501.txt",3
"spo_502.txt",3
"spo_503.txt",3
"spo_504.txt",3
"spo_505.txt",3
"spo_506.txt",3
"spo_507.txt",3
"spo_508.txt",3
"spo_509.txt",3
"spo_510.txt",3
"spo_511.txt",3
