"","x"
"year",671
"game",655
"play",629
"win",607
"time",492
"player",479
"england",461
"back",416
"world",395
"final",357
"match",357
"team",341
"second",338
"side",313
"cup",294
"club",293
"just",285
"open",280
"ireland",270
"coach",269
"half",269
"champion",267
"wale",265
"six",258
"injuri",256
"three",251
"start",250
"nation",245
"season",245
"won",241
"tri",235
"minut",230
"old",227
"franc",227
"week",220
"made",215
"goal",211
"rugbi",210
"olymp",201
"chelsea",201
"victori",193
"chanc",192
"manag",186
"hope",185
"best",184
"got",182
"test",178
"leagu",176
"sport",175
"next",174
"told",174
"intern",172
"titl",172
"know",171
"unit",170
"miss",166
"race",164
"beat",164
"william",163
"four",161
"athlet",157
"still",157
"arsenal",155
"scotland",154
"face",154
"run",153
"five",152
"championship",150
"liverpool",150
"score",148
"top",146
"break",145
"return",143
"don",142
"home",140
"month",139
"footbal",137
"ball",136
"kick",135
"squad",135
"lead",134
"place",133
"realli",133
"third",133
"former",133
"work",133
"european",129
"number",129
"left",127
"mark",127
"decis",127
"itali",127
"line",124
"saturday",122
"long",121
"record",121
"claim",121
"round",121
"robinson",121
"move",120
"roddick",120
"defeat",119
"believ",118
"jone",118
"took",117
"perform",116
"bbc",116
"give",116
"came",115
"captain",115
"grand",114
"boss",112
"penalti",111
"seed",111
"finish",110
"meet",109
"didn",108
"lost",108
"forward",108
"confid",106
"feder",106
"posit",105
"expect",103
"train",102
"ahead",102
"sunday",102
"slam",102
"indoor",101
"australian",101
"defend",101
"follow",101
"athen",100
"event",99
"feel",99
"decid",99
"better",99
"andi",99
"real",99
"countri",97
"head",97
"refere",96
"form",95
"madrid",95
"cross",95
"drug",95
"replac",95
"charg",94
"admit",91
"britain",91
"zealand",91
"big",90
"premiership",90
"clear",89
"ban",89
"doubl",89
"newcastl",89
"hard",89
"career",88
"success",87
"happen",87
"davi",87
"despit",87
"british",86
"peopl",86
"fail",86
"irish",86
"fit",86
"tour",86
"manchest",85
"pressur",85
"lose",84
"man",84
"centr",84
"summer",83
"given",83
"part",82
"deal",82
"gerrard",82
"fourth",81
"women",81
"went",81
"result",81
"call",80
"hand",80
"close",80
"men",79
"talk",79
"keep",78
"american",78
"rule",78
"drop",78
"striker",78
"winner",77
"full",77
"tournament",77
"lion",77
"show",76
"turn",76
"spain",76
"johnson",76
"fan",76
"french",76
"tie",76
"shot",75
"chang",74
"competit",74
"level",73
"import",73
"high",72
"ferguson",72
"tenni",72
"impress",71
"problem",71
"mani",71
"mourinho",71
"alway",70
"action",70
"gold",69
"citi",69
"offer",69
"march",68
"past",68
"star",68
"deni",67
"reach",67
"continu",67
"eight",67
"futur",67
"wednesday",67
"south",67
"australia",66
"compet",66
"thought",65
"qualifi",65
"name",65
"insist",65
"hit",65
"holm",65
"difficult",65
"park",65
"serv",65
"alreadi",64
"medal",64
"person",64
"everi",64
"opportun",64
"thoma",64
"nadal",64
"london",63
"behind",63
"januari",63
"weekend",63
"join",63
"whether",63
"kenteri",63
"moment",63
"quarter",63
"steven",63
"seven",62
"happi",62
"iaaf",62
"david",62
"later",62
"appear",62
"interest",62
"leicest",62
"includ",61
"dope",61
"disappoint",61
"certain",61
"stadium",61
"cardiff",61
"henri",61
"major",60
"front",60
"challeng",60
"tough",60
"forc",59
"done",59
"stay",59
"white",59
"strong",58
"ago",58
"live",58
"wenger",58
"hewitt",58
"report",57
"greek",57
"kelli",57
"midfield",57
"contract",56
"possibl",56
"money",56
"pass",56
"john",56
"sign",56
"gara",56
"stage",55
"marathon",55
"retir",55
"fli",55
"smith",55
"felt",54
"februari",54
"steve",54
"thanou",54
"bid",54
"parri",54
"hodgson",54
"henman",54
"semi",53
"union",53
"support",53
"without",53
"court",53
"hold",52
"late",52
"recent",52
"effort",52
"differ",52
"suffer",52
"remain",52
"wide",52
"job",52
"jump",51
"offici",51
"young",51
"gave",51
"must",51
"power",51
"celtic",51
"current",50
"field",50
"case",50
"situat",50
"although",50
"paul",50
"defenc",50
"barcelona",50
"birmingham",49
"prove",49
"doubt",49
"taken",49
"row",49
"host",49
"driscol",49
"struggl",48
"director",48
"recov",48
"short",48
"sprinter",48
"radcliff",48
"black",48
"coupl",48
"free",48
"save",48
"bath",48
"mike",48
"group",48
"noth",47
"jason",47
"saw",47
"road",47
"everton",47
"ranger",47
"woodward",47
"crowd",46
"friday",46
"pair",46
"earlier",46
"confirm",46
"bring",46
"jame",46
"leav",46
"pick",46
"find",46
"yard",46
"benitez",46
"martin",46
"dallaglio",46
"henson",46
"runner",45
"step",45
"bad",45
"term",45
"everyth",45
"held",45
"edinburgh",45
"campbel",45
"quick",45
"cont",45
"jose",45
"wimbledon",45
"tuesday",44
"yet",44
"respect",44
"english",44
"board",44
"davenport",44
"scrum",44
"russian",43
"leg",43
"allow",43
"involv",43
"van",43
"fantast",43
"rank",43
"secur",43
"reveal",43
"hour",43
"attack",43
"welsh",43
"spanish",43
"wing",43
"flanker",43
"battl",42
"sydney",42
"injur",42
"associ",42
"obvious",42
"near",42
"complet",42
"sir",42
"africa",42
"corner",42
"ruddock",42
"moya",42
"favourit",41
"cours",41
"sullivan",41
"anyth",41
"rival",41
"bodi",41
"seri",41
"connor",41
"cap",41
"bellami",41
"taylor",41
"plan",40
"trial",40
"around",40
"alleg",40
"statement",40
"receiv",40
"within",40
"domin",40
"southampton",40
"blue",40
"cole",40
"loss",40
"wilkinson",40
"fight",39
"comment",39
"gone",39
"becom",39
"display",39
"life",39
"chairman",39
"sale",39
"pitch",39
"souness",39
"matt",39
"wasp",39
"agassi",39
"prepar",38
"lewi",38
"huge",38
"mean",38
"led",38
"least",38
"speak",38
"owen",38
"rooney",38
"brian",38
"chief",37
"build",37
"edg",37
"delight",37
"lock",37
"alex",37
"keeper",37
"touch",37
"ground",37
"capt",37
"guy",36
"broke",36
"ran",36
"beaten",36
"determin",36
"knee",36
"seem",36
"let",36
"stand",36
"experi",36
"red",36
"award",36
"friend",36
"surpris",36
"straight",36
"andrew",36
"clash",36
"murphi",36
"milan",36
"scottish",36
"twice",35
"dublin",35
"issu",35
"kept",35
"debut",35
"collin",35
"rest",35
"heart",35
"critic",35
"easi",35
"pull",35
"meanwhil",35
"consid",35
"fine",35
"stade",35
"uefa",35
"safin",35
"august",34
"agre",34
"matter",34
"phillip",34
"improv",34
"enjoy",34
"sever",34
"doesn",34
"singl",34
"foot",34
"visitor",34
"push",33
"almost",33
"garden",33
"begin",33
"whole",33
"press",33
"shock",33
"europ",33
"west",33
"talent",33
"sent",33
"wait",33
"sub",33
"gloucest",33
"pari",33
"announc",32
"sheffield",32
"paula",32
"suspend",32
"decemb",32
"poor",32
"control",32
"trip",32
"murray",32
"nine",32
"either",32
"kevin",32
"lewsey",32
"rusedski",32
"aim",31
"green",31
"frustrat",31
"question",31
"hear",31
"watch",31
"glasgow",31
"appeal",31
"assist",31
"balco",31
"wasn",31
"histori",31
"tackl",31
"morgan",31
"strike",31
"ronaldo",31
"italian",31
"barkley",31
"prop",31
"tait",31
"twickenham",31
"mirza",31
"contest",30
"focus",30
"fellow",30
"mistak",30
"norwich",30
"perfect",30
"june",30
"ankl",30
"roger",30
"evid",30
"warn",30
"russia",30
"refus",30
"target",30
"mayb",30
"execut",30
"advantag",30
"drive",30
"potenti",30
"goe",30
"anfield",30
"dawson",30
"argentina",30
"ulster",30
"spot",29
"crown",29
"franci",29
"public",29
"understand",29
"concern",29
"readi",29
"mcilroy",29
"track",29
"initi",29
"honour",29
"deserv",29
"love",29
"tim",29
"mind",29
"qualiti",29
"progress",29
"superb",29
"transfer",29
"republ",29
"cueto",29
"fifth",28
"previous",28
"select",28
"anti",28
"everyon",28
"soon",28
"commit",28
"excit",28
"produc",28
"repres",28
"camp",28
"michael",28
"earn",28
"mate",28
"jami",28
"wrong",28
"role",28
"due",28
"pack",28
"header",28
"net",28
"blackburn",28
"villa",28
"israel",28
"leed",28
"laport",28
"relay",27
"togeth",27
"comeback",27
"key",27
"night",27
"avoid",27
"novemb",27
"definit",27
"criticis",27
"hamstr",27
"began",27
"oper",27
"richard",27
"chris",27
"radio",27
"phil",27
"tottenham",27
"rang",27
"charlton",27
"jonni",27
"dubai",27
"base",26
"scott",26
"melbourn",26
"tripl",26
"silver",26
"brought",26
"reason",26
"televis",26
"insid",26
"news",26
"african",26
"eye",26
"avail",26
"probabl",26
"sort",26
"reject",26
"link",26
"thompson",26
"cut",26
"convers",26
"knock",26
"immedi",26
"gigg",26
"galla",26
"winger",26
"skipper",26
"bolton",26
"robben",26
"carlo",26
"campaign",25
"els",25
"sprint",25
"task",25
"media",25
"pace",25
"sec",25
"low",25
"upset",25
"along",25
"brown",25
"travel",25
"newspap",25
"blow",25
"card",25
"area",25
"carri",25
"wild",25
"serious",25
"robert",25
"middlesbrough",25
"gavin",25
"recal",25
"volley",25
"duff",25
"monday",25
"convert",25
"bridg",25
"replay",25
"saint",25
"simon",25
"charli",25
"clive",25
"connel",25
"serena",25
"present",24
"ambit",24
"couldn",24
"alan",24
"germani",24
"medallist",24
"individu",24
"jonathan",24
"organ",24
"knew",24
"tribun",24
"sell",24
"fact",24
"walk",24
"unlik",24
"controversi",24
"physic",24
"total",24
"conced",24
"massiv",24
"gmt",24
"approach",24
"broken",24
"goalkeep",24
"caus",24
"option",24
"choic",24
"corri",24
"munster",24
"lleyton",24
"explain",23
"hurdl",23
"sixth",23
"boost",23
"someon",23
"extra",23
"arriv",23
"add",23
"scot",23
"octob",23
"pleas",23
"suggest",23
"outstand",23
"leader",23
"book",23
"gari",23
"seventh",23
"carl",23
"servic",23
"troubl",23
"pretti",23
"send",23
"rafael",23
"johansson",23
"juninho",23
"spaniard",23
"lansdown",23
"mental",23
"rbs",23
"tindal",23
"shane",23
"easterbi",23
"kuznetsova",23
"april",22
"member",22
"respond",22
"spokesman",22
"holder",22
"isn",22
"shape",22
"peter",22
"chepkemei",22
"becam",22
"northern",22
"date",22
"nice",22
"investig",22
"fortun",22
"gareth",22
"state",22
"outsid",22
"interview",22
"profession",22
"spur",22
"websit",22
"comfort",22
"eighth",22
"harri",22
"opposit",22
"today",22
"martyn",22
"incid",22
"fixtur",22
"portsmouth",22
"drogba",22
"bench",22
"gordon",22
"period",22
"trophi",22
"tommi",22
"nicola",22
"heineken",22
"paterson",22
"aaa",21
"equal",21
"biggest",21
"settl",21
"discuss",21
"craig",21
"clock",21
"kim",21
"accept",21
"suspens",21
"beyond",21
"succeed",21
"whose",21
"committe",21
"junior",21
"tight",21
"accus",21
"bell",21
"clinch",21
"special",21
"effect",21
"deliv",21
"especi",21
"blame",21
"punish",21
"thursday",21
"block",21
"stephen",21
"harrier",21
"autumn",21
"encount",21
"seal",21
"redknapp",21
"andr",21
"vickeri",21
"biarritz",21
"moodi",21
"marigni",21
"lindsay",21
"byrn",20
"winter",20
"sidelin",20
"class",20
"land",20
"disciplinari",20
"haven",20
"list",20
"provid",20
"guilti",20
"order",20
"threaten",20
"crash",20
"prais",20
"simpli",20
"thank",20
"box",20
"prize",20
"view",20
"dream",20
"visit",20
"creat",20
"miller",20
"switch",20
"absolut",20
"brilliant",20
"keegan",20
"lampard",20
"frank",20
"fulham",20
"switzerland",20
"handl",20
"surfac",20
"aragon",20
"stuart",20
"mutu",20
"bate",20
"kaplan",20
"hicki",20
"osprey",20
"noon",20
"bronz",19
"distanc",19
"govern",19
"met",19
"main",19
"plenti",19
"promis",19
"absenc",19
"consist",19
"fund",19
"maintain",19
"style",19
"bernard",19
"duo",19
"spent",19
"substanc",19
"strength",19
"enhanc",19
"san",19
"stop",19
"boy",19
"risk",19
"usa",19
"ensur",19
"lie",19
"keen",19
"oppon",19
"afterward",19
"slip",19
"alongsid",19
"nevill",19
"wright",19
"apologis",19
"loan",19
"premier",19
"kerr",19
"eddi",19
"arsene",19
"clay",19
"toulousain",19
"stringer",19
"humphrey",19
"orquera",19
"grewcock",19
"leinster",19
"hantuchova",19
"seek",18
"schedul",18
"fair",18
"reward",18
"learn",18
"similar",18
"standard",18
"damag",18
"lad",18
"word",18
"steroid",18
"regular",18
"enter",18
"appoint",18
"inspir",18
"mix",18
"respons",18
"jimmi",18
"belgian",18
"intent",18
"tabl",18
"gudjohnsen",18
"graham",18
"sack",18
"wolv",18
"mcclaren",18
"fear",18
"fault",18
"shark",18
"bortolami",18
"horgan",18
"dragon",18
"luscomb",18
"prix",17
"energi",17
"threat",17
"easili",17
"carrol",17
"recoveri",17
"yell",17
"tip",17
"york",17
"firm",17
"accid",17
"withdrew",17
"author",17
"kosta",17
"light",17
"throw",17
"withdraw",17
"agent",17
"border",17
"briton",17
"among",17
"search",17
"motiv",17
"chase",17
"specul",17
"victor",17
"unabl",17
"hay",17
"dutch",17
"anyon",17
"greg",17
"throughout",17
"care",17
"sotherton",17
"trafford",17
"juli",17
"worri",17
"propos",17
"crucial",17
"arm",17
"ham",17
"swansea",17
"almunia",17
"tom",17
"murrayfield",17
"olli",17
"yachvili",17
"rome",17
"arci",17
"bergamasco",17
"nitoglia",17
"hemispher",17
"umaga",17
"clijster",17
"dent",17
"launch",16
"bekel",16
"compatriot",16
"metr",16
"prospect",16
"brazilian",16
"favour",16
"senior",16
"lift",16
"subject",16
"aviv",16
"katerina",16
"tel",16
"teenag",16
"region",16
"independ",16
"inform",16
"tzeko",16
"capabl",16
"wish",16
"terri",16
"island",16
"stress",16
"possess",16
"desir",16
"act",16
"fall",16
"hill",16
"shown",16
"desper",16
"room",16
"space",16
"utd",16
"window",16
"fire",16
"morient",16
"amount",16
"burnley",16
"gunner",16
"edu",16
"leari",16
"remark",16
"rubber",16
"northampton",16
"michalak",16
"josh",16
"neath",16
"kicker",16
"ljubic",16
"elena",16
"middl",15
"duti",15
"sweden",15
"pole",15
"moor",15
"ian",15
"storm",15
"answer",15
"edward",15
"exampl",15
"repeat",15
"sometim",15
"chicago",15
"excel",15
"nervous",15
"describ",15
"agenc",15
"vital",15
"triumph",15
"candid",15
"emot",15
"bottom",15
"regard",15
"session",15
"tradit",15
"wonder",15
"wouldn",15
"offenc",15
"marion",15
"presid",15
"heard",15
"glori",15
"grab",15
"increas",15
"dougla",15
"requir",15
"neil",15
"ryan",15
"damien",15
"atmospher",15
"partner",15
"cope",15
"rais",15
"septemb",15
"daili",15
"paid",15
"wayn",15
"derbi",15
"beatti",15
"video",15
"substitut",15
"ben",15
"dunn",15
"wast",15
"cech",15
"experienc",15
"drawn",15
"forest",15
"relationship",15
"vieira",15
"spell",15
"pompey",15
"argentin",15
"anelka",15
"error",15
"boot",15
"mathew",15
"awesom",15
"shanklin",15
"ferrero",15
"melzer",15
"atp",15
"dementieva",15
"claxton",14
"hurt",14
"belief",14
"age",14
"extend",14
"hospit",14
"door",14
"gregori",14
"elit",14
"content",14
"wors",14
"cheat",14
"hang",14
"stori",14
"invest",14
"condit",14
"fee",14
"contact",14
"contribut",14
"dismiss",14
"reput",14
"treatment",14
"affect",14
"eas",14
"veteran",14
"fell",14
"shoulder",14
"unbeaten",14
"fulli",14
"victim",14
"cost",14
"surgeri",14
"struck",14
"holland",14
"nistelrooy",14
"sustain",14
"fernando",14
"surviv",14
"boro",14
"equalis",14
"robson",14
"idea",14
"negoti",14
"famous",14
"japan",14
"brazil",14
"robbi",14
"fresh",14
"swiss",14
"czech",14
"rey",14
"lehmann",14
"racist",14
"elli",14
"harinordoquy",14
"peel",14
"saracen",14
"dempsey",14
"kirwan",14
"tiger",14
"irb",14
"lawrenc",14
"martinez",14
"myskina",14
"indian",14
"greec",13
"react",13
"sight",13
"programm",13
"aston",13
"onto",13
"patrick",13
"rememb",13
"idowu",13
"contend",13
"doctor",13
"bogdanov",13
"opinion",13
"compani",13
"german",13
"fake",13
"motorcycl",13
"provision",13
"mile",13
"prevent",13
"tactic",13
"process",13
"declar",13
"relief",13
"emerg",13
"hail",13
"medic",13
"caught",13
"confer",13
"failur",13
"across",13
"review",13
"eventu",13
"rush",13
"demand",13
"celebr",13
"fought",13
"gain",13
"foul",13
"tremend",13
"prefer",13
"busi",13
"extrem",13
"highlight",13
"nigel",13
"roy",13
"schole",13
"youngster",13
"beckham",13
"baro",13
"graem",13
"loos",13
"shearer",13
"angl",13
"buy",13
"brentford",13
"defens",13
"cyprus",13
"robertson",13
"jol",13
"sevill",13
"toward",13
"juan",13
"thierri",13
"rover",13
"rob",13
"pelous",13
"delaigu",13
"ronan",13
"kay",13
"worsley",13
"sidoli",13
"yapp",13
"samoa",13
"captainci",13
"farrel",13
"saulnier",13
"dechi",13
"wta",13
"hardenn",13
"henin",13
"fastest",12
"justin",12
"qatar",12
"isinbayeva",12
"euro",12
"self",12
"lawyer",12
"svetlana",12
"arbitr",12
"north",12
"pre",12
"speed",12
"deep",12
"dramat",12
"wall",12
"whistl",12
"charact",12
"hugh",12
"skill",12
"judg",12
"instead",12
"glad",12
"hero",12
"count",12
"occas",12
"combin",12
"neck",12
"realis",12
"share",12
"small",12
"spoke",12
"bar",12
"impact",12
"stun",12
"chariti",12
"natur",12
"ruud",12
"fowler",12
"touchlin",12
"kezman",12
"tens",12
"offsid",12
"hart",12
"sheridan",12
"stamford",12
"dress",12
"plus",12
"clever",12
"olivi",12
"parker",12
"bernabeu",12
"faro",12
"behaviour",12
"influenc",12
"arnesen",12
"santini",12
"declin",12
"desailli",12
"hoddl",12
"sebastien",12
"ruck",12
"dominici",12
"yannick",12
"hazel",12
"sweeney",12
"magg",12
"ralli",12
"healey",12
"venus",12
"mauresmo",12
"attent",11
"pay",11
"smash",11
"express",11
"boston",11
"kluft",11
"accord",11
"hansen",11
"dutchman",11
"faster",11
"heat",11
"abil",11
"ultim",11
"crimin",11
"nick",11
"guerrouj",11
"piec",11
"breach",11
"forget",11
"endur",11
"distribut",11
"illeg",11
"scandal",11
"latest",11
"darren",11
"newport",11
"unfortun",11
"hot",11
"lucki",11
"prompt",11
"innoc",11
"memori",11
"faith",11
"suit",11
"basi",11
"other",11
"await",11
"legend",11
"helen",11
"swede",11
"bow",11
"gear",11
"ashley",11
"hammer",11
"exet",11
"hasn",11
"down",11
"wear",11
"dive",11
"howard",11
"kean",11
"scorer",11
"nobodi",11
"danger",11
"walter",11
"mido",11
"spirit",11
"shaun",11
"rafa",11
"realist",11
"rumour",11
"interv",11
"joe",11
"lui",11
"wilson",11
"cash",11
"recognis",11
"vogt",11
"proud",11
"fifa",11
"ivan",11
"worst",11
"lopez",11
"slot",11
"millwal",11
"southern",11
"betsen",11
"bourgoin",11
"maso",11
"rougeri",11
"callaghan",11
"cicero",11
"foley",11
"horan",11
"masi",11
"aid",11
"scarlet",11
"fiji",11
"springbok",11
"llewellyn",11
"marat",11
"haa",11
"lta",11
"slovakia",11
"domest",10
"trail",10
"maria",10
"lane",10
"mauric",10
"outdoor",10
"attend",10
"clean",10
"commiss",10
"famili",10
"heptathlon",10
"consecut",10
"matthew",10
"apolog",10
"kenyan",10
"susan",10
"antonio",10
"concentr",10
"meant",10
"eve",10
"inquiri",10
"spend",10
"ioannidi",10
"submit",10
"resolv",10
"intend",10
"relat",10
"assess",10
"normal",10
"poll",10
"woman",10
"everybodi",10
"apart",10
"less",10
"magnific",10
"attract",10
"bigger",10
"finalist",10
"general",10
"highest",10
"usada",10
"pound",10
"central",10
"fast",10
"figur",10
"worth",10
"anybodi",10
"cooper",10
"treat",10
"direct",10
"frenchman",10
"develop",10
"entri",10
"fortnight",10
"bounc",10
"featur",10
"lee",10
"afford",10
"palac",10
"barri",10
"gather",10
"angri",10
"price",10
"rise",10
"spectat",10
"longer",10
"agreement",10
"spoken",10
"dudek",10
"safe",10
"bowyer",10
"magpi",10
"danni",10
"varga",10
"cudicini",10
"ideal",10
"eriksson",10
"relish",10
"pire",10
"mccall",10
"guid",10
"china",10
"tunnel",10
"blast",10
"sudden",10
"mcleish",10
"ross",10
"jon",10
"kid",10
"gray",10
"request",10
"christoph",10
"neill",10
"wood",10
"code",10
"tevez",10
"julien",10
"traill",10
"hooker",10
"cusit",10
"hogg",10
"dal",10
"leami",10
"sheahan",10
"troncon",10
"jenkin",10
"cockbain",10
"rowntre",10
"tsunami",10
"burger",10
"nalbandian",10
"tiebreak",10
"daniela",10
"molik",10
"wrist",10
"rochus",10
"hopman",10
"hrbati",10
"leap",9
"pain",9
"sit",9
"regain",9
"jumper",9
"slow",9
"chip",9
"threw",9
"basic",9
"opt",9
"intens",9
"kenya",9
"revers",9
"unless",9
"benefit",9
"known",9
"leadership",9
"write",9
"product",9
"optimist",9
"actual",9
"amaz",9
"christo",9
"prior",9
"rare",9
"thorough",9
"thrill",9
"genuin",9
"cover",9
"fals",9
"paper",9
"stake",9
"usual",9
"built",9
"montgomeri",9
"thg",9
"appli",9
"ioc",9
"jacqu",9
"greatest",9
"outcom",9
"reli",9
"anderson",9
"discov",9
"easier",9
"file",9
"gap",9
"jen",9
"circuit",9
"bruis",9
"disciplin",9
"colin",9
"assur",9
"pavey",9
"brave",9
"muscl",9
"entertain",9
"feet",9
"technic",9
"daniel",9
"outing",9
"retain",9
"affair",9
"polic",9
"air",9
"cool",9
"fractur",9
"pool",9
"deflect",9
"heinz",9
"limp",9
"brom",9
"nou",9
"carragh",9
"garcia",9
"paulo",9
"reaction",9
"scare",9
"dyer",9
"tire",9
"credit",9
"dunde",9
"stewart",9
"tap",9
"mikoliuna",9
"arjen",9
"merit",9
"toshack",9
"sociedad",9
"minist",9
"thailand",9
"generat",9
"glazer",9
"highburi",9
"millennium",9
"sunderland",9
"bayern",9
"ljungberg",9
"valencia",9
"novo",9
"prutton",9
"die",9
"juventus",9
"shaw",9
"adriano",9
"racism",9
"persi",9
"robin",9
"jurgen",9
"incred",9
"integr",9
"serg",9
"houllier",9
"tourist",9
"zurich",9
"fabien",9
"bruno",9
"grandclaud",9
"jauzion",9
"lamont",9
"wru",9
"castrogiovanni",9
"corrigan",9
"pariss",9
"persico",9
"nerv",9
"hal",9
"mcbryde",9
"spoon",9
"wooden",9
"castaigned",9
"sella",9
"campes",9
"student",9
"lomu",9
"rain",9
"sculthorp",9
"guillermo",9
"nathali",9
"coria",9
"bryan",9
"sharapova",9
"born",8
"hint",8
"alon",8
"gatlin",8
"portug",8
"examin",8
"prioriti",8
"ceplak",8
"cragg",8
"ethiopian",8
"solid",8
"satisfi",8
"rebuild",8
"younger",8
"ceremoni",8
"colleagu",8
"global",8
"pride",8
"disgrac",8
"relax",8
"butler",8
"depth",8
"cas",8
"rock",8
"addit",8
"vault",8
"exit",8
"shouldn",8
"america",8
"trio",8
"east",8
"legal",8
"releas",8
"argu",8
"counter",8
"crisi",8
"hors",8
"listen",8
"law",8
"appropri",8
"war",8
"account",8
"admir",8
"drag",8
"guess",8
"tear",8
"dip",8
"rivalri",8
"luck",8
"manner",8
"streak",8
"departur",8
"stretch",8
"surg",8
"asid",8
"convinc",8
"encourag",8
"donat",8
"school",8
"conclud",8
"refer",8
"note",8
"nottingham",8
"overal",8
"scan",8
"ferdinand",8
"thrown",8
"moy",8
"somebodi",8
"negat",8
"welcom",8
"bennett",8
"fashion",8
"leverkusen",8
"qualif",8
"ferreira",8
"finnan",8
"crawford",8
"russel",8
"burn",8
"petrov",8
"mcallist",8
"financ",8
"mood",8
"non",8
"repli",8
"bosvelt",8
"king",8
"malcolm",8
"hartson",8
"page",8
"uncap",8
"pois",8
"messag",8
"mention",8
"ninth",8
"kill",8
"ajax",8
"chester",8
"resign",8
"fabrega",8
"jeremi",8
"camara",8
"crush",8
"stronger",8
"del",8
"read",8
"luciano",8
"passion",8
"hamm",8
"shirt",8
"ashdown",8
"dimitri",8
"greenwood",8
"julian",8
"francai",8
"imanol",8
"laharragu",8
"lamboley",8
"nyanga",8
"philipp",8
"yann",8
"disallow",8
"driven",8
"blair",8
"petri",8
"classic",8
"griffen",8
"roland",8
"charvi",8
"borthwick",8
"wallabi",8
"cohen",8
"hong",8
"kong",8
"backhand",8
"jelena",8
"sister",8
"adelaid",8
"ace",8
"capriati",8
"sarah",7
"helsinki",7
"resum",7
"food",7
"carolina",7
"ethiopia",7
"commonwealth",7
"setback",7
"belgium",7
"grant",7
"hayley",7
"pundit",7
"masai",7
"toni",7
"sega",7
"canada",7
"invit",7
"knowledg",7
"correct",7
"explan",7
"francisco",7
"laboratori",7
"strip",7
"annual",7
"vote",7
"death",7
"escap",7
"ill",7
"staff",7
"formal",7
"honest",7
"remind",7
"panel",7
"protest",7
"sanction",7
"vow",7
"factor",7
"reap",7
"system",7
"inde",7
"upon",7
"written",7
"burst",7
"competitor",7
"dave",7
"detail",7
"golden",7
"keith",7
"manageri",7
"common",7
"chamber",7
"vice",7
"promot",7
"cautious",7
"chose",7
"lawsuit",7
"deliber",7
"chest",7
"infect",7
"tomlinson",7
"welshman",7
"immens",7
"lay",7
"urg",7
"balanc",7
"abeyi",7
"essex",7
"preston",7
"morrison",7
"appar",7
"breath",7
"complain",7
"proper",7
"anyway",7
"inter",7
"portugues",7
"strengthen",7
"slight",7
"stuff",7
"advanc",7
"fierc",7
"occur",7
"reliev",7
"ridicul",7
"cristiano",7
"weir",7
"groin",7
"ref",7
"scrappi",7
"bayer",7
"financi",7
"didier",7
"kewel",7
"petr",7
"fish",7
"kieli",7
"gradi",7
"deficit",7
"halliwel",7
"goran",7
"gough",7
"webster",7
"jean",7
"mail",7
"enthusiasm",7
"bone",7
"lure",7
"quiet",7
"gravesen",7
"grow",7
"consider",7
"draft",7
"rhys",7
"stoke",7
"newri",7
"overcom",7
"freddi",7
"disput",7
"calm",7
"complaint",7
"tribut",7
"cantona",7
"imagin",7
"lazio",7
"stam",7
"flamini",7
"consult",7
"somewher",7
"georg",7
"outfit",7
"destin",7
"kluivert",7
"spark",7
"aliv",7
"hassel",7
"zero",7
"bill",7
"corinthian",7
"dog",7
"simpson",7
"greater",7
"rate",7
"momentum",7
"fuller",7
"technolog",7
"aurelien",7
"freder",7
"marconnet",7
"mas",7
"geordan",7
"magic",7
"thumb",7
"gatland",7
"ree",7
"grime",7
"southwel",7
"stutter",7
"dellap",7
"drew",7
"fava",7
"intoppa",7
"ongaro",7
"perugini",7
"sonni",7
"abbott",7
"valbon",7
"duffi",7
"johnni",7
"mauro",7
"pountney",7
"titterrel",7
"attitud",7
"barbarian",7
"kiwi",7
"practic",7
"unseed",7
"joachim",7
"youngest",7
"anastasia",7
"sania",7
"robredo",7
"alicia",7
"hingi",7
"exhibit",7
"dominik",7
"gaudio",7
"ancic",7
"gilbert",7
"indic",6
"particip",6
"sonia",6
"dibaba",6
"kenenisa",6
"lap",6
"minor",6
"turnbul",6
"webb",6
"delay",6
"rehabilit",6
"maduaka",6
"quartet",6
"venu",6
"breakthrough",6
"epic",6
"climb",6
"erfurt",6
"fate",6
"maximum",6
"sampl",6
"sound",6
"verdict",6
"hicham",6
"quicker",6
"true",6
"soil",6
"impos",6
"offic",6
"unaccept",6
"whatev",6
"admiss",6
"lodg",6
"male",6
"brizzel",6
"herald",6
"walker",6
"gebrselassi",6
"pend",6
"anymor",6
"protect",6
"verbal",6
"indict",6
"probe",6
"truth",6
"toughest",6
"wada",6
"ignor",6
"profil",6
"simpl",6
"sponsorship",6
"establish",6
"sens",6
"curl",6
"bay",6
"rout",6
"subsequ",6
"conduct",6
"sourc",6
"villag",6
"laid",6
"detector",6
"monitor",6
"enorm",6
"collect",6
"blew",6
"jade",6
"harder",6
"heel",6
"measur",6
"predict",6
"string",6
"narrowli",6
"clearanc",6
"reid",6
"deacon",6
"lambert",6
"dean",6
"birchfield",6
"belgrav",6
"journey",6
"ladi",6
"employ",6
"warm",6
"bitter",6
"evalu",6
"uncertain",6
"outset",6
"reign",6
"elsewher",6
"halfway",6
"overturn",6
"imposs",6
"inch",6
"physio",6
"weight",6
"persist",6
"renew",6
"axe",6
"roma",6
"horribl",6
"mcmanaman",6
"reduc",6
"sylvain",6
"secret",6
"makelel",6
"jerzi",6
"brambl",6
"candela",6
"carr",6
"midway",6
"smart",6
"hasselbaink",6
"hreidarsson",6
"stood",6
"bullock",6
"lob",6
"restor",6
"lennon",6
"maloney",6
"brien",6
"meldrum",6
"depart",6
"sven",6
"perman",6
"bulgaria",6
"ibrox",6
"liga",6
"mladenov",6
"releg",6
"serbia",6
"zone",6
"crystal",6
"mari",6
"offens",6
"understood",6
"absent",6
"savag",6
"arrang",6
"wit",6
"warrior",6
"weak",6
"porto",6
"sat",6
"vignal",6
"waterreus",6
"sfa",6
"creativ",6
"michel",6
"revel",6
"shout",6
"butragueno",6
"slump",6
"turf",6
"alessandro",6
"paolo",6
"ranieri",6
"bergkamp",6
"kenni",6
"pascal",6
"fallen",6
"parma",6
"courtesi",6
"expir",6
"thrash",6
"hartlepool",6
"sole",6
"wind",6
"oldham",6
"mini",6
"angola",6
"mauritius",6
"seychell",6
"zambia",6
"bruce",6
"manuel",6
"privat",6
"exact",6
"strachan",6
"chant",6
"croatian",6
"knockout",6
"devin",6
"straightforward",6
"pearc",6
"bomb",6
"wave",6
"takeov",6
"bob",6
"bonnair",6
"clermont",6
"mignoni",6
"milloud",6
"perpignan",6
"servat",6
"thion",6
"llanelli",6
"voyc",6
"bulloch",6
"dunbar",6
"breakdown",6
"gethin",6
"territori",6
"gwent",6
"pat",6
"fearsom",6
"gregan",6
"outplay",6
"ligament",6
"calvisano",6
"sap",6
"decad",6
"aussi",6
"maori",6
"obsess",6
"contepomi",6
"baa",6
"forehand",6
"kiefer",6
"cyril",6
"ginepri",6
"conchita",6
"split",6
"hardcourt",6
"eerdeken",6
"bailey",6
"hip",6
"hunt",5
"hurdler",5
"shevchenko",5
"vaulter",5
"heal",5
"specialist",5
"wound",5
"joic",5
"joint",5
"macki",5
"morn",5
"stomach",5
"credenti",5
"harsh",5
"saga",5
"abroad",5
"dead",5
"decent",5
"mount",5
"nonsens",5
"kit",5
"suppli",5
"costa",5
"mid",5
"overwhelm",5
"sensat",5
"cite",5
"communic",5
"local",5
"shall",5
"client",5
"parti",5
"procedur",5
"prosecutor",5
"violat",5
"unsur",5
"otherwis",5
"cast",5
"achill",5
"car",5
"defar",5
"perspect",5
"typic",5
"virus",5
"beij",5
"circumst",5
"crack",5
"landmark",5
"ongo",5
"aren",5
"aspect",5
"debat",5
"dig",5
"strategi",5
"femal",5
"advic",5
"dwain",5
"harrison",5
"sponsor",5
"headlin",5
"decor",5
"supplement",5
"tendon",5
"advis",5
"alarm",5
"chosen",5
"kent",5
"stumbl",5
"watkin",5
"chat",5
"surround",5
"irishman",5
"consol",5
"thunder",5
"turner",5
"cold",5
"lower",5
"haul",5
"histor",5
"jerom",5
"depend",5
"inexperienc",5
"gun",5
"lacklustr",5
"yes",5
"stanley",5
"trust",5
"closer",5
"afternoon",5
"hat",5
"riley",5
"trick",5
"shrug",5
"notifi",5
"separ",5
"substanti",5
"undergo",5
"joy",5
"rod",5
"gabriel",5
"goodison",5
"rescu",5
"unhappi",5
"tomorrow",5
"cameroon",5
"exclus",5
"marco",5
"oppos",5
"sorri",5
"demonstr",5
"mill",5
"tricki",5
"snap",5
"fed",5
"finger",5
"hamann",5
"nunez",5
"riis",5
"babayaro",5
"flank",5
"giannakopoulo",5
"pounc",5
"bartlett",5
"buri",5
"mcgeadi",5
"sutton",5
"unmark",5
"barca",5
"pierr",5
"shame",5
"constant",5
"contempl",5
"explor",5
"foolish",5
"hell",5
"realiti",5
"size",5
"netherland",5
"successor",5
"igor",5
"montenegro",5
"strongest",5
"whatsoev",5
"atletico",5
"partnership",5
"sol",5
"talli",5
"debt",5
"pledg",5
"munich",5
"heroic",5
"sheet",5
"brand",5
"perhap",5
"prso",5
"thump",5
"dalla",5
"mask",5
"cruyff",5
"afraid",5
"dug",5
"matur",5
"giant",5
"phone",5
"upbeat",5
"costacurta",5
"strang",5
"dowd",5
"harley",5
"lauren",5
"lupoli",5
"owusu",5
"unlucki",5
"nativ",5
"shepherd",5
"marca",5
"violenc",5
"bobbi",5
"divis",5
"ewood",5
"town",5
"allen",5
"griffin",5
"quashi",5
"bought",5
"collaps",5
"marseill",5
"reveng",5
"tore",5
"extens",5
"disrupt",5
"languag",5
"stick",5
"mexican",5
"toler",5
"terribl",5
"destroy",5
"artifici",5
"grass",5
"wigan",5
"caretak",5
"shoot",5
"lloyd",5
"croatia",5
"swept",5
"unveil",5
"rosenborg",5
"mandar",5
"phase",5
"sean",5
"der",5
"belong",5
"wardl",5
"berger",5
"hislop",5
"rhythm",5
"zeeuw",5
"wayward",5
"sun",5
"upper",5
"pile",5
"composur",5
"duncan",5
"reviv",5
"brive",5
"flair",5
"element",5
"turnov",5
"livid",5
"falcon",5
"gomarsal",5
"walder",5
"payn",5
"warren",5
"hine",5
"hinshelwood",5
"tyke",5
"mefin",5
"gambl",5
"pozzebon",5
"higher",5
"trap",5
"ludov",5
"marlu",5
"dwayn",5
"alli",5
"toulous",5
"scrummag",5
"ceri",5
"hare",5
"load",5
"mirco",5
"platform",5
"stoica",5
"inclus",5
"latham",5
"valu",5
"schalk",5
"smit",5
"slim",5
"rfu",5
"treviso",5
"hodg",5
"calder",5
"albert",5
"racket",5
"fabric",5
"santoro",5
"srichaphan",5
"arres",5
"rib",5
"austrian",5
"overcam",5
"mardi",5
"oust",5
"parmar",5
"elia",5
"farina",5
"hyderabad",5
"chela",5
"ignacio",5
"raymond",5
"itf",5
"philippoussi",5
"navratilova",5
"gaston",5
"kooyong",5
"mcenro",5
"mario",5
"goldfin",5
"roch",5
"ivanov",5
"soderl",5
"colchest",4
"irina",4
"automat",4
"provinci",4
"catch",4
"closest",4
"eras",4
"stuttgart",4
"yelena",4
"arena",4
"unclear",4
"allahgreen",4
"colour",4
"dian",4
"leipzig",4
"scene",4
"hyde",4
"edith",4
"kiplagat",4
"stanc",4
"cram",4
"lester",4
"proof",4
"jackson",4
"lagat",4
"moroccan",4
"bedford",4
"cruis",4
"hellen",4
"unsubstanti",4
"benita",4
"gruell",4
"kathi",4
"connect",4
"michell",4
"observ",4
"pattern",4
"devonish",4
"marlon",4
"sportsweek",4
"acknowledg",4
"donnelli",4
"lone",4
"optim",4
"rumbl",4
"shake",4
"stir",4
"tragedi",4
"overhaul",4
"blind",4
"bore",4
"climax",4
"suspicion",4
"dick",4
"appreci",4
"christi",4
"wake",4
"christma",4
"girl",4
"weren",4
"agenda",4
"esteem",4
"expos",4
"mad",4
"olympian",4
"reserv",4
"scrutini",4
"educ",4
"foster",4
"judo",4
"max",4
"psycholog",4
"introduc",4
"modafinil",4
"stimul",4
"district",4
"abus",4
"greet",4
"crazi",4
"varieti",4
"routin",4
"guarante",4
"presenc",4
"begun",4
"birthday",4
"emphat",4
"whilst",4
"barrier",4
"chin",4
"citizenship",4
"ronald",4
"scalp",4
"anna",4
"larn",4
"showdown",4
"stole",4
"undecid",4
"adrian",4
"gasp",4
"hungarian",4
"sad",4
"except",4
"woodford",4
"brother",4
"gut",4
"hadn",4
"proceed",4
"mccormick",4
"keska",4
"embarrass",4
"sevasti",4
"tape",4
"testimoni",4
"tulu",4
"hickey",4
"eager",4
"clark",4
"satisfact",4
"arrest",4
"certainti",4
"iron",4
"type",4
"patient",4
"bent",4
"exchang",4
"halt",4
"hesit",4
"missil",4
"vaughan",4
"anywher",4
"zidan",4
"dri",4
"marshal",4
"pin",4
"shea",4
"sublim",4
"thatcher",4
"weaver",4
"wes",4
"olympiako",4
"okay",4
"tiago",4
"hyypia",4
"jarosik",4
"ricardo",4
"shaken",4
"silverwar",4
"traor",4
"allardyc",4
"ameobi",4
"flatter",4
"neither",4
"sam",4
"scorelin",4
"twist",4
"addick",4
"floyd",4
"iceland",4
"nod",4
"riggott",4
"sink",4
"stroke",4
"yorkshir",4
"aberdeen",4
"archibald",4
"esson",4
"path",4
"stevi",4
"bryson",4
"bulgarian",4
"clyde",4
"drove",4
"jacki",4
"scenario",4
"slid",4
"dair",4
"easton",4
"lifelin",4
"livi",4
"livingston",4
"wrap",4
"meersseman",4
"cri",4
"ant",4
"dialogu",4
"lifelong",4
"sensibl",4
"stalk",4
"sum",4
"aaron",4
"metatars",4
"era",4
"hungari",4
"polit",4
"prime",4
"reel",4
"reflect",4
"seat",4
"ward",4
"berti",4
"solut",4
"stat",4
"raul",4
"echo",4
"jim",4
"queen",4
"sturrock",4
"weston",4
"annoy",4
"origin",4
"isra",4
"sakhnin",4
"calibr",4
"pose",4
"superbl",4
"anger",4
"rijkaard",4
"ten",4
"milburn",4
"ugli",4
"coin",4
"grasp",4
"ricksen",4
"stuck",4
"wiley",4
"infam",4
"sold",4
"counterpart",4
"grew",4
"exploit",4
"aliadier",4
"blade",4
"blaze",4
"clichi",4
"denni",4
"sendero",4
"snatch",4
"tong",4
"underdog",4
"warnock",4
"andor",4
"rinaldi",4
"furious",4
"unfair",4
"sportsman",4
"bristol",4
"ipswich",4
"qpr",4
"articl",4
"savour",4
"sweet",4
"todd",4
"command",4
"humbl",4
"vincent",4
"wage",4
"rough",4
"bafana",4
"klinsmann",4
"stamp",4
"cocain",4
"expens",4
"luton",4
"yead",4
"choos",4
"structur",4
"mexico",4
"cake",4
"ice",4
"hardest",4
"miser",4
"cartilag",4
"mansfield",4
"bwalya",4
"worthi",4
"margin",4
"cotonsport",4
"curbishley",4
"alonso",4
"lita",4
"disabl",4
"glenn",4
"coast",4
"fratton",4
"gill",4
"nightmar",4
"passag",4
"abandon",4
"explos",4
"solskjaer",4
"transplant",4
"angel",4
"fumbl",4
"stone",4
"mellor",4
"bradi",4
"newli",4
"resist",4
"mend",4
"extent",4
"forearm",4
"castr",4
"fume",4
"forrest",4
"touchdown",4
"gisbergen",4
"mapletoft",4
"belt",4
"danielli",4
"worcest",4
"ludovico",4
"fanci",4
"elhorga",4
"thigh",4
"villier",4
"bin",4
"sin",4
"frame",4
"penalis",4
"sowden",4
"resumpt",4
"andrea",4
"upright",4
"resurg",4
"brennan",4
"aggress",4
"ibanez",4
"narbonn",4
"visagi",4
"macqueen",4
"mehrten",4
"whing",4
"fouri",4
"matfield",4
"cedric",4
"heyman",4
"quest",4
"notch",4
"cunningham",4
"stradey",4
"hamper",4
"happier",4
"girvan",4
"kidney",4
"rediscov",4
"cricket",4
"chuter",4
"mccormack",4
"larkin",4
"steinmetz",4
"georgia",4
"master",4
"aru",4
"umpir",4
"davydenko",4
"feliciano",4
"mikhail",4
"paradorn",4
"youzhni",4
"jordi",4
"rotterdam",4
"enqvist",4
"minar",4
"unforc",4
"calleri",4
"bovina",4
"india",4
"jankov",4
"patti",4
"schnyder",4
"arvind",4
"sherwood",4
"insult",4
"likhovtseva",4
"seiz",4
"vinci",4
"pattaya",4
"ephedrin",4
"lawn",4
"dulko",4
"monfil",4
"manga",4
"massu",4
"char",4
"ameli",4
"zvonareva",4
"dokic",4
"lundgren",4
"koubek",4
"sampra",4
"crosscourt",4
"bondarenko",4
"regim",3
"bupa",3
"obikwelu",3
"wipe",3
"council",3
"monaco",3
"mystifi",3
"stakehold",3
"alistair",3
"mine",3
"slovenia",3
"tirunesh",3
"height",3
"stiff",3
"shook",3
"recept",3
"accommod",3
"asset",3
"bonus",3
"brussel",3
"deadlin",3
"christian",3
"olsson",3
"undoubt",3
"embu",3
"isaiah",3
"compar",3
"sebastian",3
"transform",3
"windsor",3
"benefici",3
"bull",3
"drink",3
"moorcroft",3
"personnel",3
"lengthi",3
"geneti",3
"inferior",3
"marko",3
"bite",3
"feign",3
"amateur",3
"applic",3
"kilometr",3
"lifetim",3
"dame",3
"dinner",3
"scoop",3
"writer",3
"feofanova",3
"annadal",3
"costin",3
"earmark",3
"farewel",3
"lash",3
"lombard",3
"loser",3
"plane",3
"provinc",3
"selector",3
"sharp",3
"stalwart",3
"crop",3
"argument",3
"midnight",3
"barn",3
"dani",3
"embrac",3
"fun",3
"niggl",3
"pure",3
"rariti",3
"cream",3
"launder",3
"contradictori",3
"inconsist",3
"interpret",3
"nichol",3
"contrast",3
"linford",3
"torn",3
"hype",3
"accomplish",3
"arguabl",3
"conquer",3
"spotlight",3
"jess",3
"promin",3
"suffici",3
"backley",3
"fulfil",3
"older",3
"recommend",3
"chronicl",3
"remi",3
"founder",3
"materi",3
"plead",3
"preliminari",3
"drama",3
"station",3
"panagopoulo",3
"abc",3
"defam",3
"dilig",3
"email",3
"juri",3
"market",3
"program",3
"arch",3
"bullish",3
"clithero",3
"decathlet",3
"empti",3
"ring",3
"surpass",3
"channel",3
"findlay",3
"garland",3
"narrow",3
"recognit",3
"yusuf",3
"allan",3
"jeanett",3
"pentathlon",3
"toe",3
"cairn",3
"colerain",3
"agonis",3
"disqualifi",3
"fraser",3
"temper",3
"thie",3
"swing",3
"anniversari",3
"exhaust",3
"tumbl",3
"vast",3
"bag",3
"aac",3
"barnet",3
"plymouth",3
"shaftesburi",3
"slough",3
"fade",3
"wore",3
"benchmark",3
"miseri",3
"samaria",3
"silli",3
"unsettl",3
"weather",3
"ambassador",3
"hotel",3
"lord",3
"wari",3
"karl",3
"marvel",3
"whereabout",3
"curv",3
"adam",3
"underlin",3
"bond",3
"reconsid",3
"cord",3
"explod",3
"inject",3
"johnston",3
"plough",3
"rip",3
"tighten",3
"icon",3
"shed",3
"arteta",3
"bright",3
"hapless",3
"marcus",3
"silenc",3
"stroll",3
"aggrav",3
"loui",3
"bare",3
"but",3
"headbutt",3
"reinstat",3
"confess",3
"egypt",3
"rejoin",3
"shalabi",3
"discomfort",3
"distin",3
"fletcher",3
"interrupt",3
"musampa",3
"pour",3
"sibierski",3
"urgenc",3
"carvalho",3
"unusu",3
"biscan",3
"glen",3
"limit",3
"peg",3
"despair",3
"fay",3
"heap",3
"hierro",3
"jaaskelainen",3
"jena",3
"kieron",3
"stride",3
"frantic",3
"instruct",3
"pen",3
"queudru",3
"riversid",3
"zenden",3
"kenneth",3
"onrush",3
"richi",3
"whelan",3
"whip",3
"bald",3
"blown",3
"brush",3
"culmin",3
"flare",3
"henchoz",3
"mcnamara",3
"steer",3
"bahoken",3
"eric",3
"horvath",3
"mcname",3
"mcpake",3
"simmon",3
"vincz",3
"wallac",3
"kenyon",3
"ambiti",3
"constru",3
"crave",3
"emir",3
"finalis",3
"indecis",3
"investor",3
"mysteri",3
"sharehold",3
"tycoon",3
"bank",3
"korea",3
"briefli",3
"adapt",3
"feyenoord",3
"primera",3
"versatil",3
"advisor",3
"amid",3
"forg",3
"framework",3
"plate",3
"rick",3
"statur",3
"crunch",3
"lesson",3
"bournemouth",3
"rio",3
"approv",3
"billionair",3
"shut",3
"gabbidon",3
"wrexham",3
"mccarthi",3
"mick",3
"letter",3
"mccreadi",3
"registr",3
"asian",3
"chines",3
"bnei",3
"murambadoro",3
"stint",3
"tunisia",3
"tunisian",3
"zimbabw",3
"intimid",3
"customari",3
"depriv",3
"eidur",3
"jiri",3
"somehow",3
"stopper",3
"congratul",3
"edelman",3
"goalscor",3
"graz",3
"latch",3
"mcgregor",3
"linesman",3
"tynecastl",3
"yellow",3
"patienc",3
"ancelotti",3
"talisman",3
"employe",3
"disc",3
"emilio",3
"gradual",3
"none",3
"persuad",3
"felix",3
"kolo",3
"confront",3
"maldini",3
"psv",3
"spice",3
"usher",3
"youth",3
"defiant",3
"batteri",3
"disadvantag",3
"recharg",3
"bucharest",3
"claudio",3
"cesc",3
"cygan",3
"glorious",3
"jagielka",3
"mathieu",3
"quinci",3
"staffordshir",3
"tame",3
"distinct",3
"shortlist",3
"vacant",3
"practis",3
"tag",3
"gestur",3
"alberto",3
"imag",3
"pit",3
"doherti",3
"holloway",3
"carrow",3
"worthington",3
"orient",3
"soul",3
"sprain",3
"cotteril",3
"goalless",3
"ladder",3
"lancashir",3
"prosper",3
"stalem",3
"abramovich",3
"comparison",3
"instil",3
"marcel",3
"roman",3
"journalist",3
"ronaldinho",3
"disguis",3
"nicki",3
"cheer",3
"undisclos",3
"wealth",3
"feud",3
"ride",3
"signal",3
"spill",3
"learnt",3
"compris",3
"divid",3
"format",3
"lusaka",3
"madagascar",3
"coventri",3
"watford",3
"whoever",3
"yeovil",3
"dane",3
"denmark",3
"weigh",3
"veracruz",3
"riot",3
"deem",3
"specif",3
"regret",3
"comprehens",3
"swindon",3
"principl",3
"wherea",3
"capac",3
"embark",3
"tempt",3
"laugh",3
"boca",3
"brightest",3
"bueno",3
"gift",3
"regul",3
"blight",3
"endors",3
"bowen",3
"jansen",3
"reckon",3
"morri",3
"foreign",3
"jaim",3
"tougher",3
"applaud",3
"elliott",3
"fluf",3
"anticip",3
"arrog",3
"bet",3
"dimens",3
"oak",3
"grip",3
"xabi",3
"kamara",3
"makofo",3
"palmer",3
"mcindo",3
"ravenhil",3
"rigoglioso",3
"sour",3
"hitzlsperg",3
"academi",3
"velimir",3
"wigley",3
"zajec",3
"den",3
"disast",3
"disreput",3
"lyon",3
"flew",3
"jeannin",3
"street",3
"deft",3
"epitomis",3
"offend",3
"flow",3
"ken",3
"krasner",3
"cancel",3
"rue",3
"owe",3
"function",3
"oblig",3
"villar",3
"partizan",3
"gronkjaer",3
"bolster",3
"ciss",3
"prerog",3
"arjan",3
"feroci",3
"primus",3
"yakubu",3
"glitter",3
"canal",3
"sanchez",3
"fatigu",3
"radius",3
"trevor",3
"jersey",3
"techniqu",3
"spurn",3
"tighthead",3
"kiol",3
"mayerhofl",3
"narraway",3
"sititi",3
"birkett",3
"hoadley",3
"fold",3
"fullarton",3
"henderson",3
"object",3
"prodigi",3
"elig",3
"dummi",3
"maul",3
"phenomen",3
"chabal",3
"pepito",3
"clumsi",3
"ali",3
"brent",3
"danc",3
"steam",3
"humor",3
"lander",3
"azzurri",3
"orlando",3
"pedrazzi",3
"balshaw",3
"mcgee",3
"rauluni",3
"vyvyan",3
"sanderson",3
"heavili",3
"aus",3
"tonga",3
"berth",3
"dour",3
"miracl",3
"woeful",3
"harlequin",3
"viadana",3
"gleeson",3
"doyl",3
"versus",3
"audit",3
"gallach",3
"address",3
"contain",3
"pictur",3
"conceiv",3
"jonah",3
"attribut",3
"rose",3
"super",3
"jake",3
"claud",3
"haka",3
"nelson",3
"spread",3
"picker",3
"tokumasu",3
"unherald",3
"unstopp",3
"honiss",3
"infring",3
"schubert",3
"connacht",3
"jackman",3
"quinlan",3
"puma",3
"rifl",3
"romania",3
"brownsword",3
"flower",3
"nikolay",3
"rainer",3
"schuettler",3
"carlsen",3
"jan",3
"taik",3
"wildcard",3
"loosen",3
"spadea",3
"ivo",3
"mariano",3
"montan",3
"novak",3
"bye",3
"sail",3
"sfar",3
"samantha",3
"stosur",3
"martina",3
"volvo",3
"lisa",3
"nadia",3
"petrova",3
"sprem",3
"medicin",3
"chennai",3
"starac",3
"karol",3
"contamin",3
"twin",3
"unassail",3
"houston",3
"chile",3
"brad",3
"dividend",2
"own",2
"jolen",2
"santri",2
"finland",2
"diack",2
"franki",2
"frederick",2
"nutrit",2
"ordin",2
"berhan",2
"jolanda",2
"leonard",2
"lievin",2
"mottram",2
"introduct",2
"poland",2
"solv",2
"sooner",2
"gevaert",2
"norway",2
"underestim",2
"mess",2
"puerto",2
"rice",2
"armi",2
"coe",2
"elev",2
"guidanc",2
"lotteri",2
"richardson",2
"temporarili",2
"adida",2
"postpon",2
"spectacular",2
"jamaica",2
"merritt",2
"quickest",2
"rico",2
"salvag",2
"teeth",2
"buzz",2
"irrelev",2
"behalf",2
"illog",2
"inspect",2
"locat",2
"papadoyiannaki",2
"persecut",2
"refut",2
"testifi",2
"tussl",2
"hungri",2
"blood",2
"urin",2
"accolad",2
"eaa",2
"fete",2
"gutsi",2
"swedish",2
"mbes",2
"accur",2
"ballymena",2
"belfast",2
"corkman",2
"cynic",2
"dermot",2
"disastr",2
"epo",2
"familiar",2
"flora",2
"mckee",2
"mckiernan",2
"meseret",2
"plagu",2
"shatter",2
"sting",2
"strider",2
"wreck",2
"mentor",2
"conven",2
"hide",2
"resolut",2
"goodby",2
"soar",2
"wise",2
"elud",2
"enforc",2
"madden",2
"upheld",2
"rich",2
"rogg",2
"fix",2
"spat",2
"doubter",2
"reassur",2
"timescal",2
"advers",2
"health",2
"label",2
"primari",2
"proven",2
"psychologist",2
"tick",2
"trauma",2
"unknown",2
"berlin",2
"usatf",2
"ordeal",2
"slowli",2
"triumphant",2
"charl",2
"commene",2
"denis",2
"javelin",2
"justifi",2
"royal",2
"signific",2
"sought",2
"teacher",2
"uka",2
"univers",2
"clue",2
"combat",2
"alvin",2
"headquart",2
"ilston",2
"korchemni",2
"obtain",2
"trainer",2
"valent",2
"innuendo",2
"alter",2
"cauldron",2
"rehears",2
"suppos",2
"buckingham",2
"foundat",2
"presum",2
"ratifi",2
"credibl",2
"malici",2
"steadfast",2
"zinc",2
"crete",2
"skip",2
"ioanidi",2
"bend",2
"grind",2
"needless",2
"wilt",2
"anabol",2
"catherin",2
"endacott",2
"nathan",2
"pognon",2
"rabah",2
"raw",2
"thrive",2
"dozen",2
"janin",2
"topic",2
"whitlock",2
"wider",2
"boyl",2
"costello",2
"gillick",2
"rowan",2
"shannon",2
"speaight",2
"valley",2
"willowfield",2
"condon",2
"greav",2
"noel",2
"occupi",2
"forgotten",2
"amend",2
"annus",2
"fazela",2
"gloom",2
"korzhanenko",2
"okayo",2
"rutto",2
"unfound",2
"pip",2
"baddeley",2
"beagl",2
"buckfield",2
"eal",2
"eton",2
"hounslow",2
"kwaky",2
"mcconnel",2
"middlesex",2
"newham",2
"nott",2
"permit",2
"pressuris",2
"punt",2
"purkiss",2
"southal",2
"vienna",2
"blister",2
"farc",2
"jamaican",2
"savant",2
"stringfellow",2
"canadian",2
"centimetr",2
"podium",2
"strain",2
"capit",2
"children",2
"daughter",2
"distract",2
"eat",2
"exercis",2
"gym",2
"site",2
"squeez",2
"treadmil",2
"botch",2
"brett",2
"feat",2
"jenni",2
"meadow",2
"sharpen",2
"stefan",2
"kipchog",2
"overtak",2
"skinner",2
"conting",2
"louis",2
"math",2
"acquitt",2
"angrili",2
"hostag",2
"commerci",2
"parliament",2
"unexpect",2
"harm",2
"version",2
"romp",2
"caledonian",2
"pedigre",2
"ultra",2
"doriv",2
"felip",2
"kronberg",2
"slower",2
"vivanco",2
"cue",2
"faultless",2
"mbe",2
"reinforc",2
"raid",2
"crutch",2
"cryotherapi",2
"degre",2
"killer",2
"mater",2
"movement",2
"needl",2
"paralys",2
"polish",2
"vertebra",2
"waterford",2
"yesterday",2
"alert",2
"deafen",2
"fabul",2
"hibbert",2
"jeer",2
"mcfadden",2
"mikel",2
"naysmith",2
"onsid",2
"stubb",2
"truli",2
"worsen",2
"saha",2
"asham",2
"headbut",2
"million",2
"overreact",2
"contrari",2
"egyptian",2
"exert",2
"model",2
"zinedin",2
"att",2
"barton",2
"bellion",2
"hook",2
"macken",2
"onuoha",2
"tempo",2
"via",2
"adventur",2
"clung",2
"dietmar",2
"hush",2
"nevertheless",2
"rebound",2
"scoresheet",2
"sidefoot",2
"smother",2
"taunt",2
"chop",2
"goalmouth",2
"haim",2
"harper",2
"jay",2
"laurent",2
"milner",2
"nearbi",2
"neat",2
"okocha",2
"blush",2
"capitul",2
"karkouri",2
"knight",2
"koncheski",2
"nemeth",2
"palm",2
"perri",2
"southgat",2
"suspici",2
"traffic",2
"brebner",2
"claw",2
"coolli",2
"diamond",2
"helpless",2
"poke",2
"spun",2
"aiden",2
"bryn",2
"flounder",2
"gibson",2
"intervent",2
"laursen",2
"mens",2
"paulista",2
"stilian",2
"thomson",2
"berra",2
"burton",2
"circl",2
"deloumeaux",2
"derek",2
"freeland",2
"lilley",2
"loop",2
"macfarlan",2
"mckenzi",2
"stanic",2
"celestin",2
"suspect",2
"affirm",2
"agm",2
"cheapli",2
"dear",2
"magnitud",2
"myth",2
"overse",2
"palat",2
"remiss",2
"sincer",2
"wow",2
"diagnosi",2
"instant",2
"mokoena",2
"mri",2
"swell",2
"tini",2
"helm",2
"dedic",2
"belgrad",2
"permiss",2
"administr",2
"decre",2
"environ",2
"flourish",2
"flush",2
"landscap",2
"method",2
"modern",2
"multi",2
"packag",2
"smile",2
"uniqu",2
"satisfactori",2
"scrap",2
"brace",2
"luxemburgo",2
"torr",2
"wanderley",2
"incent",2
"revenu",2
"starter",2
"summon",2
"upson",2
"upton",2
"grown",2
"shine",2
"various",2
"emphasis",2
"mcintyr",2
"repriev",2
"sentiment",2
"tannadic",2
"durban",2
"mandic",2
"anxious",2
"cheshir",2
"exist",2
"hall",2
"outlin",2
"clutch",2
"partridg",2
"bangor",2
"dark",2
"eject",2
"fax",2
"ifa",2
"implic",2
"nationwid",2
"portadown",2
"basel",2
"minnow",2
"ernest",2
"ethic",2
"peac",2
"citizen",2
"hashemian",2
"iran",2
"iranian",2
"miresmaeili",2
"silvestr",2
"flight",2
"reopen",2
"collid",2
"contriv",2
"divert",2
"frenet",2
"goalward",2
"jordan",2
"mateja",2
"smertin",2
"swift",2
"ander",2
"cate",2
"compulsori",2
"frisk",2
"logic",2
"pathet",2
"weaken",2
"backsid",2
"bear",2
"beauti",2
"gameplan",2
"lisbon",2
"mar",2
"dado",2
"deadlock",2
"kyrgiako",2
"nacho",2
"caution",2
"incens",2
"violent",2
"wrestl",2
"popular",2
"selhurst",2
"johan",2
"legendari",2
"rotat",2
"megson",2
"uphil",2
"beti",2
"andriy",2
"formid",2
"fundament",2
"prestigi",2
"aizlewood",2
"berat",2
"cadena",2
"lunchtim",2
"kahn",2
"oliv",2
"eindhoven",2
"industri",2
"kitchen",2
"magazin",2
"honeymoon",2
"swap",2
"wife",2
"advoc",2
"heavi",2
"length",2
"elimin",2
"winless",2
"carlton",2
"luke",2
"shortag",2
"arturo",2
"geari",2
"paddi",2
"quinn",2
"revamp",2
"sieg",2
"rfc",2
"enrag",2
"norman",2
"slap",2
"flore",2
"hernia",2
"viduka",2
"freedom",2
"intellig",2
"royc",2
"shola",2
"assault",2
"les",2
"sympathis",2
"beckon",2
"sarcast",2
"worthwhil",2
"numer",2
"claret",2
"dispos",2
"prem",2
"tier",2
"lowest",2
"mighti",2
"rotherham",2
"struggler",2
"batistuta",2
"dugarri",2
"figo",2
"flo",2
"gharafa",2
"gianfranco",2
"gianluca",2
"guardiola",2
"gullit",2
"josep",2
"lebeouf",2
"rivaldo",2
"titi",2
"vialli",2
"zola",2
"accustom",2
"jealous",2
"acrimoni",2
"bless",2
"predomin",2
"facil",2
"norfolk",2
"unprofession",2
"cultur",2
"guardian",2
"lid",2
"pelt",2
"pizza",2
"tension",2
"botswana",2
"cosafa",2
"curepip",2
"lesotho",2
"malawi",2
"mozambiqu",2
"namibia",2
"swaziland",2
"arthur",2
"blackpool",2
"nottm",2
"peterborough",2
"sheff",2
"sivabaek",2
"botafogo",2
"father",2
"son",2
"fiszman",2
"unearth",2
"plastic",2
"soup",2
"design",2
"polici",2
"romanian",2
"stipul",2
"verroken",2
"accident",2
"breaker",2
"overshadow",2
"gross",2
"mirror",2
"ruin",2
"arisen",2
"clarifi",2
"levi",2
"memor",2
"temporari",2
"unaffect",2
"moggi",2
"studi",2
"brighton",2
"doncast",2
"gillingham",2
"keyn",2
"milton",2
"scunthorp",2
"haunt",2
"deeper",2
"expans",2
"rift",2
"undermin",2
"expertis",2
"knack",2
"gandulla",2
"maradona",2
"odd",2
"tranquil",2
"vacat",2
"florentino",2
"perez",2
"stall",2
"tenur",2
"amoruso",2
"lorenzo",2
"scar",2
"barnard",2
"buxton",2
"carlisl",2
"condemn",2
"donni",2
"pilkington",2
"chipolopolo",2
"oldest",2
"oversea",2
"beam",2
"chill",2
"inept",2
"joaquin",2
"lambast",2
"ole",2
"xavi",2
"scuf",2
"snif",2
"deck",2
"predat",2
"rocki",2
"summit",2
"whenev",2
"accra",2
"kumasi",2
"sabl",2
"jonatan",2
"notori",2
"deportivo",2
"chorley",2
"din",2
"mckoy",2
"pacquett",2
"crisp",2
"hereford",2
"midland",2
"purdi",2
"engin",2
"unsuccess",2
"upturn",2
"defin",2
"seaman",2
"verg",2
"gerard",2
"aitken",2
"hackett",2
"amibit",2
"hayward",2
"moxey",2
"disgust",2
"catalyst",2
"provoc",2
"behav",2
"dein",2
"diatrib",2
"ensu",2
"phrase",2
"quot",2
"unthink",2
"mountain",2
"bremen",2
"fenerbahc",2
"internazional",2
"werder",2
"ampadu",2
"assert",2
"djemba",2
"flack",2
"mud",2
"swung",2
"cub",2
"mia",2
"necessari",2
"reiter",2
"acrobat",2
"basqu",2
"eta",2
"evacu",2
"flash",2
"hertfordshir",2
"hoyt",2
"astiazaran",2
"societi",2
"turnaround",2
"background",2
"chequ",2
"elland",2
"guis",2
"lorim",2
"outgo",2
"spare",2
"bouba",2
"diop",2
"giveaway",2
"dunfermlin",2
"unavail",2
"shelf",2
"shop",2
"colloqui",2
"conscienc",2
"lissavetzki",2
"lualua",2
"boil",2
"outburst",2
"remot",2
"mellberg",2
"olof",2
"rap",2
"terrif",2
"berkov",2
"check",2
"fiddl",2
"pongoll",2
"sinama",2
"slide",2
"blatter",2
"prinz",2
"willing",2
"unicef",2
"gustavo",2
"parent",2
"awkward",2
"festiv",2
"carv",2
"sigh",2
"cigar",2
"pedro",2
"cent",2
"connolli",2
"immacul",2
"errat",2
"bundl",2
"puzzl",2
"hoist",2
"spit",2
"ruthless",2
"stare",2
"dowson",2
"hamilton",2
"mauger",2
"out",2
"pop",2
"powel",2
"scorch",2
"stephenson",2
"brook",2
"casey",2
"erinl",2
"everitt",2
"grayson",2
"gustard",2
"hatley",2
"kennedi",2
"powergen",2
"restart",2
"staniforth",2
"walt",2
"allist",2
"dan",2
"euan",2
"hugo",2
"rollo",2
"kingsholm",2
"nonetheless",2
"cum",2
"fore",2
"loosehead",2
"apiec",2
"kickabl",2
"overhead",2
"scissor",2
"scoot",2
"sparkl",2
"workmanlik",2
"glide",2
"specimen",2
"thrust",2
"courag",2
"liebenberg",2
"pieter",2
"bloodi",2
"commission",2
"reckless",2
"squander",2
"illus",2
"meantim",2
"upstair",2
"auvergn",2
"bold",2
"carrier",2
"basketbal",2
"dawn",2
"stray",2
"barbini",2
"diminut",2
"dot",2
"downsid",2
"hash",2
"lurk",2
"luxuri",2
"mazi",2
"nous",2
"pad",2
"scamper",2
"snaffl",2
"randt",2
"toll",2
"calf",2
"disrespect",2
"forster",2
"anoeta",2
"paseo",2
"budg",2
"jeff",2
"cristian",2
"identifi",2
"sloppi",2
"fri",2
"headingley",2
"kalman",2
"mcmillan",2
"mcmullen",2
"raiwalui",2
"regan",2
"sorrel",2
"collier",2
"delport",2
"hanley",2
"hercus",2
"macleod",2
"niekerk",2
"wigglesworth",2
"overlook",2
"horrif",2
"tama",2
"recours",2
"bobo",2
"communiti",2
"hoeft",2
"kefu",2
"lima",2
"palepoi",2
"taukafa",2
"waugh",2
"bzier",2
"pap",2
"pape",2
"saleeng",2
"torrid",2
"stubborn",2
"graft",2
"potent",2
"antibiot",2
"goalkick",2
"trounc",2
"guscott",2
"irrespons",2
"notabl",2
"dire",2
"rattl",2
"agen",2
"casualti",2
"essenti",2
"overwork",2
"poach",2
"sweep",2
"verv",2
"opensid",2
"pugh",2
"speedi",2
"clinic",2
"rhino",2
"wembley",2
"conflict",2
"melvill",2
"upward",2
"eagl",2
"influenti",2
"pursu",2
"enabl",2
"secretari",2
"civil",2
"elect",2
"mackay",2
"sru",2
"willi",2
"albeit",2
"band",2
"inaugur",2
"kudo",2
"represent",2
"philosophi",2
"finest",2
"superstar",2
"beach",2
"bode",2
"confus",2
"dismantl",2
"engag",2
"immin",2
"legitim",2
"peck",2
"regist",2
"amor",2
"dual",2
"bed",2
"bedel",2
"colleg",2
"floor",2
"inflict",2
"invent",2
"sivright",2
"somewhat",2
"thriller",2
"broadcast",2
"footstep",2
"hkrfu",2
"jrfu",2
"characterist",2
"rapid",2
"rub",2
"volum",2
"pulsat",2
"withstood",2
"perci",2
"cullen",2
"lakomski",2
"surgen",2
"howe",2
"kieran",2
"aramburu",2
"geoff",2
"shield",2
"bergh",2
"xavier",2
"edgi",2
"ford",2
"hore",2
"macra",2
"morton",2
"pattison",2
"surrend",2
"boat",2
"compuls",2
"humili",2
"potenc",2
"alastair",2
"austin",2
"thousand",2
"prolong",2
"skil",2
"destruct",2
"springboard",2
"rowel",2
"salari",2
"dragonhood",2
"exuber",2
"nail",2
"princip",2
"scintil",2
"stem",2
"sheer",2
"desert",2
"los",2
"taipei",2
"scrag",2
"yield",2
"rampant",2
"camera",2
"compon",2
"eclips",2
"villain",2
"vocifer",2
"nois",2
"click",2
"overnight",2
"falter",2
"hitter",2
"tout",2
"andreev",2
"superior",2
"chicken",2
"pox",2
"tonight",2
"weird",2
"california",2
"decept",2
"hernych",2
"hyung",2
"irak",2
"korean",2
"labadz",2
"bamboozl",2
"mirnyi",2
"acapulco",2
"agustin",2
"cana",2
"filippo",2
"mantilla",2
"outlast",2
"puerta",2
"volandri",2
"bartoli",2
"elen",2
"jie",2
"likhotseva",2
"windi",2
"zheng",2
"daveport",2
"spokesperson",2
"deliri",2
"risen",2
"selima",2
"silvia",2
"slovakian",2
"erlich",2
"ram",2
"asago",2
"kostan",2
"most",2
"shinobu",2
"doha",2
"maleeva",2
"nicol",2
"sugiyama",2
"competitv",2
"filderstadt",2
"cure",2
"abdomin",2
"francesca",2
"karolina",2
"rollercoast",2
"schiavon",2
"smashnova",2
"vaidisova",2
"vaidyanathan",2
"charleroi",2
"tarpishchev",2
"arnaud",2
"clement",2
"sleep",2
"merced",2
"thai",2
"auckland",2
"chilean",2
"gonzalez",2
"potito",2
"gisela",2
"perth",2
"beck",2
"breez",2
"grosjean",2
"outclass",2
"gael",2
"felgat",2
"input",2
"garro",2
"advanta",2
"jennif",2
"philadelphia",2
"baselin",2
"courter",2
"hone",2
"mallorcan",2
"nicknam",2
"smarter",2
"unrealist",2
"woken",2
"unflapp",2
"refresh",2
"vera",2
"benesova",2
"edmondson",2
"iveta",2
"absente",2
"monica",2
"sele",2
"nieminen",2
"hire",2
"mat",2
"sluggish",2
"wiland",2
"pollard",2
"lung",2
"pete",2
"selfish",2
"pump",2
"raucous",2
"toma",2
"baccanello",2
"blake",2
"shaughnessi",2
"wessel",2
"jaslyn",2
"canberra",2
"czink",2
"groenefeld",2
"stepanek",2
"almagro",2
"translat",1
"agio",1
"britton",1
"cobh",1
"currentili",1
"etienn",1
"fionnualla",1
"mccambridg",1
"ato",1
"boldon",1
"conserv",1
"kansa",1
"recaptur",1
"forum",1
"lamin",1
"namibian",1
"adera",1
"dash",1
"miscount",1
"peak",1
"mass",1
"ashia",1
"faze",1
"airport",1
"alexand",1
"arron",1
"balkom",1
"blume",1
"christin",1
"ghent",1
"gregorio",1
"jadel",1
"kosenkow",1
"marc",1
"tank",1
"vomit",1
"kitt",1
"nevi",1
"nia",1
"compromis",1
"nomin",1
"zara",1
"withdrawn",1
"arnoud",1
"dmitriy",1
"everest",1
"okken",1
"ovett",1
"reina",1
"sergeant",1
"shrewd",1
"spar",1
"terrifi",1
"unfaz",1
"acquit",1
"dimitrakopoulo",1
"judgement",1
"michali",1
"arkansa",1
"bershawn",1
"brannen",1
"coghlan",1
"eamonn",1
"fayettevill",1
"lashawn",1
"nate",1
"satisfactorili",1
"proviso",1
"cherkasova",1
"dehiba",1
"hind",1
"assembl",1
"institut",1
"prohibit",1
"tamper",1
"uphold",1
"yianni",1
"appl",1
"outsprint",1
"tynesid",1
"galmier",1
"gunnel",1
"salli",1
"budapest",1
"hunger",1
"bearer",1
"belov",1
"bug",1
"cathal",1
"catherina",1
"clubman",1
"cobhwoman",1
"crept",1
"delud",1
"folk",1
"gillian",1
"hung",1
"invari",1
"linger",1
"lite",1
"olympiad",1
"probem",1
"ranch",1
"ravag",1
"scrape",1
"screen",1
"slice",1
"spike",1
"tongu",1
"transpir",1
"turnout",1
"unaccount",1
"underachiev",1
"undignifi",1
"upcom",1
"wag",1
"watcher",1
"zoe",1
"chunk",1
"dougi",1
"goon",1
"musselburgh",1
"nandrolon",1
"racecours",1
"abat",1
"abiyot",1
"mulugeta",1
"stranger",1
"wondimu",1
"bannist",1
"bounceback",1
"breed",1
"brick",1
"conspir",1
"drain",1
"gloomier",1
"hug",1
"inkl",1
"loom",1
"misunderstood",1
"nip",1
"pan",1
"preserv",1
"scale",1
"smallest",1
"stair",1
"tuck",1
"csa",1
"reschedul",1
"testosteroneepitestosteron",1
"attorney",1
"hing",1
"hungrier",1
"necessarili",1
"rile",1
"oppress",1
"adag",1
"conduc",1
"consequ",1
"equat",1
"extern",1
"impuls",1
"liz",1
"redempt",1
"renown",1
"repercuss",1
"staten",1
"undul",1
"conjunct",1
"joanna",1
"portland",1
"dredg",1
"arduous",1
"crossroad",1
"karat",1
"marin",1
"professor",1
"publish",1
"recruit",1
"specialis",1
"testament",1
"thrower",1
"compel",1
"evas",1
"flaxse",1
"korchemi",1
"lab",1
"narcolepsi",1
"oil",1
"tax",1
"detect",1
"rid",1
"sacrific",1
"scientif",1
"trump",1
"accredit",1
"flame",1
"motorbik",1
"prosecut",1
"dimako",1
"eyewit",1
"haralabo",1
"hrisanthaki",1
"ioanni",1
"justic",1
"karmi",1
"konstantino",1
"lectur",1
"panagioti",1
"peraki",1
"stiliano",1
"tarnish",1
"tester",1
"motorcyl",1
"almeria",1
"baldini",1
"coup",1
"gharib",1
"illustri",1
"jaouad",1
"stefano",1
"tergat",1
"utmost",1
"document",1
"estim",1
"grigori",1
"unreason",1
"margot",1
"spasm",1
"galan",1
"stockholm",1
"allur",1
"aspir",1
"bother",1
"daley",1
"fuell",1
"gnaw",1
"indign",1
"loneli",1
"meticul",1
"pronounc",1
"store",1
"unquestion",1
"dale",1
"hundreth",1
"katherin",1
"longest",1
"loughborough",1
"mcilori",1
"oven",1
"roll",1
"startl",1
"steadi",1
"steal",1
"sudanes",1
"complic",1
"hair",1
"kwayk",1
"lit",1
"runway",1
"sudan",1
"tobago",1
"trinidad",1
"aili",1
"aoif",1
"bogl",1
"deirdr",1
"derval",1
"jill",1
"lagan",1
"lisburn",1
"mcneic",1
"mcsweeney",1
"motor",1
"nolan",1
"offali",1
"rourk",1
"sheffi",1
"allyn",1
"leapt",1
"mitchel",1
"myerscough",1
"scanlon",1
"swain",1
"taniesha",1
"dunwoodi",1
"mclaughlin",1
"midweek",1
"pollock",1
"fetch",1
"idol",1
"pacemak",1
"runaway",1
"slovenian",1
"acceler",1
"brim",1
"mull",1
"ricki",1
"simm",1
"sparkassen",1
"teag",1
"wolfram",1
"abi",1
"backfir",1
"campel",1
"cloud",1
"cobbleston",1
"discus",1
"evan",1
"fallout",1
"liven",1
"macey",1
"margaret",1
"mistim",1
"misus",1
"morocco",1
"mutola",1
"oyepitan",1
"stanozolol",1
"achik",1
"aldershot",1
"barnsley",1
"basildon",1
"cossin",1
"crane",1
"crawley",1
"croydon",1
"cycl",1
"farah",1
"farnham",1
"harrow",1
"hern",1
"inclin",1
"mayock",1
"newcom",1
"oxford",1
"preddi",1
"therefor",1
"warburton",1
"wessex",1
"ader",1
"alleyn",1
"effortless",1
"fiance",1
"franciqu",1
"jerri",1
"melissa",1
"muna",1
"omin",1
"rust",1
"slogan",1
"strode",1
"tariku",1
"agn",1
"blatant",1
"commentari",1
"heather",1
"hennigar",1
"hey",1
"melani",1
"uncomfort",1
"unnot",1
"abdomen",1
"lanzarot",1
"column",1
"cushion",1
"equip",1
"grey",1
"hospic",1
"inner",1
"jar",1
"leukaemia",1
"pasco",1
"pavement",1
"project",1
"redgrav",1
"tanni",1
"tsunamistev",1
"websiteh",1
"wheelchair",1
"bak",1
"heringsdorf",1
"justyna",1
"abraham",1
"adrift",1
"alexi",1
"changeov",1
"djhone",1
"fedorova",1
"kallur",1
"lesli",1
"luca",1
"oke",1
"olga",1
"persson",1
"recurr",1
"rund",1
"tosin",1
"verdecchia",1
"asi",1
"berhanu",1
"dejen",1
"eliud",1
"gebr",1
"gebremariam",1
"lasp",1
"morpeth",1
"bute",1
"damen",1
"glynn",1
"reebok",1
"troman",1
"abeb",1
"bano",1
"burka",1
"dinkessa",1
"gelet",1
"ine",1
"internacion",1
"leisur",1
"monteiro",1
"venta",1
"hole",1
"repons",1
"snake",1
"spearat",1
"vassilli",1
"audio",1
"bind",1
"counsel",1
"erron",1
"prejudg",1
"speech",1
"vassili",1
"exoner",1
"stain",1
"alic",1
"amorebieta",1
"edinburghintern",1
"timbilil",1
"zornotza",1
"dare",1
"derartu",1
"racer",1
"tokyo",1
"cagig",1
"dudley",1
"haiti",1
"kilbrid",1
"slash",1
"wollaton",1
"childish",1
"excus",1
"stupid",1
"vima",1
"baton",1
"cobi",1
"hundredth",1
"obe",1
"textbook",1
"basebal",1
"congression",1
"evidentiari",1
"illston",1
"acupunctur",1
"ambul",1
"brake",1
"centigrad",1
"chuckl",1
"cortison",1
"flat",1
"fuse",1
"incapacit",1
"korzeniowski",1
"laser",1
"limerick",1
"liquid",1
"lorri",1
"mcevoy",1
"minus",1
"mobil",1
"nitrogen",1
"pelvi",1
"pelvic",1
"rental",1
"spala",1
"spinal",1
"spine",1
"therapi",1
"titanium",1
"unaid",1
"underw",1
"broaden",1
"heartbreak",1
"snack",1
"carsley",1
"chorus",1
"flashpoint",1
"hampshir",1
"heintz",1
"hostil",1
"idolis",1
"kilban",1
"osman",1
"outpac",1
"piston",1
"plessi",1
"plung",1
"quinton",1
"scrambl",1
"spector",1
"suprem",1
"yobo",1
"detriment",1
"halv",1
"rethink",1
"unrepent",1
"ahm",1
"cairo",1
"hassan",1
"hossam",1
"methat",1
"pharaoh",1
"rude",1
"shehata",1
"tardelli",1
"bradley",1
"carbon",1
"copi",1
"dictat",1
"dull",1
"flood",1
"kiki",1
"labour",1
"monotoni",1
"tepid",1
"jole",1
"willian",1
"arn",1
"carson",1
"ditch",1
"djimi",1
"extraordinari",1
"ferrerira",1
"inadvert",1
"lip",1
"min",1
"pellegrino",1
"pidgeley",1
"boumsong",1
"butt",1
"campo",1
"downward",1
"fadiga",1
"fluid",1
"gardner",1
"gloucestershir",1
"gotti",1
"jaidi",1
"jussi",1
"meaning",1
"stelio",1
"vaz",1
"wander",1
"andersen",1
"doriva",1
"euell",1
"franck",1
"hermann",1
"jeffer",1
"joseph",1
"kishishev",1
"misdirect",1
"mop",1
"nash",1
"parlour",1
"parnabi",1
"pepper",1
"reizig",1
"szilard",1
"talal",1
"blanchard",1
"cameron",1
"colgan",1
"cute",1
"dodd",1
"heikkinen",1
"mcguir",1
"mcnaughton",1
"prod",1
"ritchi",1
"samuel",1
"arbuckl",1
"balmer",1
"bollan",1
"busier",1
"gilhaney",1
"glanc",1
"harti",1
"malon",1
"misjudg",1
"nervi",1
"potter",1
"stan",1
"stephan",1
"utter",1
"burchil",1
"cesnauski",1
"clumsili",1
"ferenc",1
"float",1
"gabor",1
"gus",1
"hartley",1
"kizi",1
"lothian",1
"moilanen",1
"neilson",1
"outjump",1
"saul",1
"skim",1
"static",1
"wyness",1
"chiropractor",1
"contradict",1
"deputis",1
"hudel",1
"innocu",1
"keenan",1
"showpiec",1
"tillen",1
"untri",1
"algemeen",1
"averag",1
"dacourt",1
"dagblad",1
"focuss",1
"proportion",1
"waver",1
"unsung",1
"closur",1
"dragan",1
"jauregi",1
"ajar",1
"ashburton",1
"attach",1
"benefactor",1
"brutal",1
"dodg",1
"fledgl",1
"hawkpoint",1
"heartbeat",1
"honesti",1
"kop",1
"mission",1
"plank",1
"realism",1
"secreci",1
"shiniwatra",1
"spiral",1
"stack",1
"thaksin",1
"tone",1
"traditionalist",1
"underscor",1
"veil",1
"canni",1
"counterproduct",1
"rage",1
"athletico",1
"espanyol",1
"pursuit",1
"ronaldino",1
"bee",1
"deepen",1
"ledley",1
"makeshift",1
"borrow",1
"incur",1
"magnier",1
"mcmanus",1
"stock",1
"conveni",1
"mutual",1
"pleasur",1
"solidar",1
"unfinish",1
"berni",1
"tendin",1
"carrington",1
"complex",1
"doom",1
"moldova",1
"remaind",1
"sardinia",1
"beset",1
"bluebird",1
"coyn",1
"delaney",1
"earnshaw",1
"kouma",1
"motherwel",1
"rickett",1
"tranmer",1
"inver",1
"mcgeough",1
"physiqu",1
"avenu",1
"injunct",1
"uncov",1
"sapporo",1
"nullifi",1
"fai",1
"penultim",1
"agoy",1
"alain",1
"albania",1
"arab",1
"congo",1
"esper",1
"etchi",1
"haifa",1
"hapoel",1
"masudi",1
"nigerian",1
"partizani",1
"tirana",1
"arash",1
"maccabi",1
"overweight",1
"vahid",1
"barwick",1
"dealt",1
"mikael",1
"punctuat",1
"chap",1
"disagr",1
"escal",1
"forgiv",1
"drab",1
"enliven",1
"flurri",1
"letharg",1
"likeli",1
"nasti",1
"ricochet",1
"trickeri",1
"deco",1
"deleg",1
"fewest",1
"gaillard",1
"giordano",1
"hello",1
"henk",1
"ordinari",1
"fond",1
"garri",1
"sceptic",1
"pointless",1
"aggreg",1
"heerenveen",1
"boavista",1
"stretcher",1
"tweak",1
"buffel",1
"burk",1
"disposses",1
"fox",1
"hibernian",1
"hutton",1
"lovenkrand",1
"marvin",1
"mccurri",1
"namouchi",1
"rab",1
"rae",1
"sotiri",1
"barg",1
"dad",1
"liter",1
"saulius",1
"shove",1
"zealous",1
"kung",1
"nixon",1
"safeti",1
"centuri",1
"clemenc",1
"coher",1
"cologn",1
"concept",1
"dorp",1
"huizinga",1
"knvb",1
"neesken",1
"rinus",1
"soviet",1
"undergon",1
"acclaim",1
"gaffer",1
"noe",1
"pamarot",1
"dobla",1
"helguera",1
"indirect",1
"santiago",1
"solari",1
"cheekbon",1
"dahl",1
"kaka",1
"rui",1
"serginho",1
"shootout",1
"tomasson",1
"turkey",1
"digniti",1
"downturn",1
"hover",1
"settlement",1
"shrewsburi",1
"solicitor",1
"frequent",1
"homesick",1
"imperson",1
"jockey",1
"prank",1
"berbatov",1
"dimitar",1
"franca",1
"happili",1
"acquisit",1
"categori",1
"nolberto",1
"peruvian",1
"solano",1
"deject",1
"magath",1
"peform",1
"autobiographi",1
"beer",1
"cafu",1
"cannist",1
"cattl",1
"electrician",1
"intrigu",1
"jaap",1
"kampen",1
"milk",1
"rankl",1
"stardom",1
"stark",1
"blip",1
"accumul",1
"fervent",1
"stavang",1
"vari",1
"vike",1
"bautista",1
"santand",1
"steaua",1
"allevi",1
"darius",1
"vassel",1
"brombi",1
"ebou",1
"haystead",1
"ineffect",1
"kabba",1
"liddel",1
"misplac",1
"paci",1
"simplest",1
"thirlwel",1
"amsterdam",1
"bruin",1
"enlist",1
"johann",1
"koeman",1
"krol",1
"tonni",1
"waalwijk",1
"omiss",1
"quell",1
"alcock",1
"blur",1
"canio",1
"cop",1
"horrend",1
"improp",1
"joyc",1
"nicer",1
"remonstr",1
"rofe",1
"einhoven",1
"clandestin",1
"gilmar",1
"janeiro",1
"crossley",1
"bullfight",1
"decorum",1
"exagger",1
"islero",1
"lenient",1
"licenc",1
"manolet",1
"scapegoat",1
"unjustifi",1
"bilater",1
"boateng",1
"gaizka",1
"mendieta",1
"repair",1
"teessid",1
"humil",1
"hurri",1
"pot",1
"proteg",1
"stead",1
"displac",1
"generoso",1
"loftus",1
"rossi",1
"commenc",1
"girlfriend",1
"merseysid",1
"unprovok",1
"ammunit",1
"egg",1
"overtook",1
"cheapen",1
"diabol",1
"harden",1
"outrag",1
"overtur",1
"sharpli",1
"hotpot",1
"matteo",1
"mcgreal",1
"micah",1
"neighbour",1
"oster",1
"sinclair",1
"spici",1
"astound",1
"carrot",1
"chapter",1
"cottag",1
"craven",1
"creaki",1
"dangl",1
"deon",1
"devil",1
"docherti",1
"frampton",1
"gigant",1
"irrespect",1
"millmoor",1
"oakley",1
"plum",1
"rankin",1
"retent",1
"saux",1
"sodj",1
"solent",1
"status",1
"succumb",1
"survivor",1
"svensson",1
"torquay",1
"envious",1
"gaal",1
"albion",1
"bromwich",1
"anounc",1
"luigi",1
"neri",1
"canari",1
"compact",1
"toffe",1
"toon",1
"sweetest",1
"tast",1
"baxter",1
"kenton",1
"ormerod",1
"reunion",1
"wolverhampton",1
"arrigo",1
"sacchi",1
"alumnia",1
"understudi",1
"grandchildren",1
"hassal",1
"maker",1
"construct",1
"revolutionis",1
"wwwarsenalcom",1
"banter",1
"bottl",1
"forgiven",1
"pardew",1
"section",1
"spokeswoman",1
"stitch",1
"weapon",1
"fairer",1
"feroc",1
"fraca",1
"expert",1
"frozen",1
"iter",1
"recreat",1
"relev",1
"sexual",1
"social",1
"collis",1
"gracious",1
"misconduct",1
"minimis",1
"dinamo",1
"fiorentina",1
"juve",1
"compli",1
"criteria",1
"eastern",1
"faulkner",1
"instal",1
"obligatori",1
"scandinavia",1
"counti",1
"crew",1
"hinckley",1
"hinckleybrentford",1
"hull",1
"rochdal",1
"ryman",1
"spinner",1
"stockportswansea",1
"swindonnott",1
"germain",1
"stagnat",1
"stale",1
"continent",1
"archi",1
"human",1
"knox",1
"radic",1
"revolt",1
"acquaint",1
"ambush",1
"appal",1
"atlant",1
"ballboy",1
"bernardo",1
"copa",1
"disorgan",1
"dribbl",1
"feint",1
"gama",1
"gandula",1
"hound",1
"hyster",1
"immigr",1
"invad",1
"kiss",1
"libertador",1
"melancholi",1
"metropoli",1
"nowaday",1
"palermo",1
"pel",1
"prestig",1
"ream",1
"restless",1
"skyscrap",1
"spearhead",1
"sprawl",1
"strangest",1
"turbul",1
"unawar",1
"underway",1
"urban",1
"vasco",1
"amadeo",1
"fensao",1
"adroit",1
"callow",1
"curriculum",1
"doldrum",1
"dumbarton",1
"estonia",1
"ghana",1
"imper",1
"inabl",1
"inherit",1
"invect",1
"magician",1
"meagr",1
"off",1
"rash",1
"resourc",1
"vita",1
"forecast",1
"freak",1
"jog",1
"scooter",1
"tissu",1
"trim",1
"artel",1
"barker",1
"corden",1
"curti",1
"dimech",1
"haslam",1
"herron",1
"ibehr",1
"leyton",1
"lockwood",1
"mathieson",1
"mcintosh",1
"mcmahon",1
"newey",1
"saah",1
"talbot",1
"wardley",1
"whitemacki",1
"zakuani",1
"complac",1
"concert",1
"edit",1
"kalusha",1
"musician",1
"negra",1
"palanca",1
"zambian",1
"balagu",1
"bernabu",1
"boo",1
"casilla",1
"coloni",1
"coverag",1
"dynam",1
"forgot",1
"galactico",1
"garrido",1
"guillem",1
"infirmari",1
"laud",1
"loco",1
"marchena",1
"miscreant",1
"muddl",1
"naiveti",1
"nappi",1
"petul",1
"plaudit",1
"shower",1
"undeni",1
"viewpoint",1
"vision",1
"volvi",1
"witch",1
"duffer",1
"matchwinn",1
"commod",1
"hockey",1
"mere",1
"plot",1
"priceless",1
"prioritis",1
"slaughter",1
"solidifi",1
"tool",1
"transmit",1
"agyemang",1
"asant",1
"bati",1
"bortey",1
"boukar",1
"cameroonian",1
"cloet",1
"confeder",1
"douala",1
"garoua",1
"ghanaian",1
"iii",1
"kemadjou",1
"kotoko",1
"makaji",1
"nfor",1
"ngom",1
"nzame",1
"ruben",1
"santo",1
"thokozani",1
"xaba",1
"nowher",1
"cis",1
"henrik",1
"larsson",1
"wee",1
"boudewijn",1
"map",1
"andrad",1
"coruna",1
"depor",1
"irureta",1
"javier",1
"jorg",1
"amankwaah",1
"anyinsah",1
"bevan",1
"bullet",1
"crook",1
"gillespi",1
"herv",1
"ldv",1
"leroy",1
"ntimban",1
"orr",1
"oyedel",1
"puncheon",1
"tapp",1
"zeh",1
"beardsley",1
"copping",1
"fenton",1
"ingham",1
"mawson",1
"mkandawir",1
"morley",1
"mulligan",1
"pitman",1
"priet",1
"stansfield",1
"tierney",1
"travi",1
"warrington",1
"molineux",1
"celta",1
"kanu",1
"robot",1
"shorter",1
"vigo",1
"workrat",1
"perreira",1
"barren",1
"backroom",1
"hamburg",1
"intim",1
"neal",1
"retract",1
"trembl",1
"warfar",1
"jez",1
"parallel",1
"cult",1
"mastermind",1
"rupert",1
"cctv",1
"footag",1
"hillsborough",1
"paphiti",1
"perimet",1
"refrain",1
"theo",1
"aggressor",1
"boardroom",1
"cloth",1
"diplomat",1
"expand",1
"paragon",1
"peacemak",1
"reprimand",1
"smaller",1
"stormi",1
"virtu",1
"proudest",1
"turk",1
"flick",1
"gaia",1
"goallin",1
"grecian",1
"hiley",1
"incess",1
"sawyer",1
"stoppag",1
"burner",1
"fawcett",1
"foudi",1
"garciaparra",1
"husband",1
"nomar",1
"prolif",1
"shortstop",1
"edwin",1
"frey",1
"hairi",1
"indiffer",1
"prone",1
"sar",1
"schwarzer",1
"swoop",1
"scotch",1
"cox",1
"einstein",1
"gmr",1
"albacet",1
"devic",1
"guti",1
"kahveci",1
"nihat",1
"separatist",1
"ser",1
"sniffer",1
"telephon",1
"turkish",1
"aplomb",1
"brillianc",1
"dubious",1
"enigmat",1
"enthral",1
"farega",1
"jink",1
"knockback",1
"matthieu",1
"penal",1
"subtitut",1
"unruffl",1
"confirn",1
"contra",1
"fiesta",1
"goalpost",1
"hundr",1
"partido",1
"photograph",1
"pobreza",1
"poverti",1
"preced",1
"socied",1
"stream",1
"paus",1
"philip",1
"aftenposten",1
"gunnar",1
"slavish",1
"dishevel",1
"eastland",1
"outfield",1
"pioneer",1
"brink",1
"consolid",1
"consortium",1
"creditor",1
"dea",1
"deduct",1
"eighti",1
"firefight",1
"geneva",1
"gerald",1
"incom",1
"mantel",1
"medium",1
"percent",1
"sainsburi",1
"smooth",1
"stabilis",1
"thorp",1
"tireless",1
"unpaid",1
"yvonn",1
"kilmarnock",1
"pearson",1
"bosman",1
"mistaken",1
"psg",1
"purchas",1
"laurel",1
"lomana",1
"piti",1
"bust",1
"villarr",1
"emil",1
"hafnarfjordur",1
"hallfredsson",1
"amateurish",1
"auxerr",1
"roux",1
"sand",1
"cheap",1
"dislik",1
"doug",1
"adjust",1
"danish",1
"jesper",1
"mother",1
"munoz",1
"djibril",1
"propostit",1
"basl",1
"ferencvaro",1
"threadbar",1
"aiyegbeni",1
"cling",1
"flutter",1
"linvoy",1
"marker",1
"patrik",1
"plant",1
"punch",1
"reflex",1
"slack",1
"teas",1
"ambros",1
"bookabl",1
"florent",1
"jermain",1
"sami",1
"shay",1
"snuf",1
"titus",1
"zogbia",1
"overseen",1
"birgit",1
"fipro",1
"hous",1
"marta",1
"opera",1
"sepp",1
"voter",1
"reluct",1
"scupper",1
"derisori",1
"karen",1
"ovat",1
"sav",1
"freshen",1
"sevilla",1
"onus",1
"prise",1
"hristo",1
"over",1
"stoichkov",1
"valenciana",1
"cheslea",1
"geremi",1
"gloss",1
"obstacl",1
"shaka",1
"stranglehold",1
"swerv",1
"voic",1
"anderlecht",1
"surplus",1
"healthi",1
"smoke",1
"swipe",1
"languish",1
"penetr",1
"earpiec",1
"mutv",1
"thirti",1
"socket",1
"woodman",1
"bezier",1
"clamour",1
"liebeneberg",1
"reunit",1
"tinker",1
"cuff",1
"gem",1
"lineout",1
"sweeter",1
"blend",1
"barrel",1
"earth",1
"ecstat",1
"elat",1
"cornwel",1
"curnier",1
"elloway",1
"eustac",1
"fanolua",1
"garvey",1
"goodridg",1
"grindal",1
"isaacson",1
"mayerholf",1
"parl",1
"scyth",1
"seti",1
"sigley",1
"bishop",1
"danah",1
"furi",1
"hardwick",1
"horak",1
"madejski",1
"nordt",1
"paic",1
"penney",1
"priscott",1
"roast",1
"skivington",1
"stimpson",1
"strudwick",1
"unchalleng",1
"wheatley",1
"callam",1
"calvin",1
"godman",1
"howarth",1
"iain",1
"lawson",1
"rori",1
"granclaud",1
"marcoussi",1
"demis",1
"assessor",1
"imparti",1
"athletic",1
"dish",1
"fallibl",1
"outward",1
"playmak",1
"thin",1
"unforgiv",1
"surrey",1
"tryscor",1
"indebt",1
"oxymoron",1
"wtih",1
"crossbar",1
"fuel",1
"giddi",1
"percentag",1
"undaunt",1
"weighti",1
"whisker",1
"collar",1
"lievremont",1
"magn",1
"tabacco",1
"debrief",1
"footwork",1
"forthcom",1
"retali",1
"beforehand",1
"choke",1
"inuri",1
"majest",1
"robust",1
"bump",1
"problemat",1
"simplifi",1
"sock",1
"blindsid",1
"bereft",1
"burrow",1
"foil",1
"joel",1
"jutg",1
"paltri",1
"reassert",1
"scoreboard",1
"scuttl",1
"sear",1
"awe",1
"sing",1
"wavelength",1
"charter",1
"aguilera",1
"des",1
"euskarian",1
"parc",1
"ticket",1
"absurd",1
"analog",1
"bizarr",1
"paint",1
"realm",1
"enclosur",1
"horner",1
"probyn",1
"bas",1
"beef",1
"horizon",1
"shell",1
"tedious",1
"uninspir",1
"milkman",1
"scratch",1
"erad",1
"taught",1
"flak",1
"horror",1
"leaderless",1
"preview",1
"sternest",1
"bartholomeusz",1
"bracken",1
"broster",1
"chesney",1
"dicken",1
"gerber",1
"popham",1
"randel",1
"raphael",1
"rawlinson",1
"rigney",1
"vaikona",1
"vickerman",1
"yate",1
"anglesea",1
"bozzi",1
"caillet",1
"carter",1
"coutt",1
"dali",1
"fortey",1
"gilli",1
"horsman",1
"lund",1
"marten",1
"mayor",1
"rasmussen",1
"redpath",1
"roddam",1
"schofield",1
"sixway",1
"trueman",1
"vaili",1
"windo",1
"demot",1
"rot",1
"rubbish",1
"strive",1
"devoid",1
"gel",1
"castig",1
"englishman",1
"fring",1
"pom",1
"predica",1
"thick",1
"turmoil",1
"cobus",1
"driscollgregan",1
"guinazu",1
"stud",1
"tana",1
"apprehens",1
"backyard",1
"daunt",1
"mindset",1
"dimension",1
"stuf",1
"thinker",1
"uncharacterist",1
"drip",1
"flown",1
"caucaunibuca",1
"rawaqa",1
"reihana",1
"spectacl",1
"tsumani",1
"electr",1
"mockeri",1
"deplet",1
"standout",1
"confidenti",1
"landsdown",1
"vigor",1
"reintroduc",1
"analys",1
"inquest",1
"cohes",1
"requisit",1
"stifl",1
"wer",1
"armband",1
"lick",1
"predecessor",1
"aquilla",1
"bollesan",1
"montpelli",1
"padova",1
"catt",1
"alasdair",1
"flu",1
"macfadyen",1
"medial",1
"strokosch",1
"verif",1
"beast",1
"burden",1
"cousin",1
"crumpl",1
"darl",1
"downsiz",1
"foresight",1
"frighten",1
"gloat",1
"gunpowd",1
"hog",1
"huf",1
"irfu",1
"loyalti",1
"mullen",1
"och",1
"powder",1
"puf",1
"repaid",1
"salient",1
"spade",1
"whisper",1
"whitewash",1
"yore",1
"irrit",1
"physiotherapist",1
"bradford",1
"coslett",1
"gibb",1
"griffith",1
"iestyn",1
"kel",1
"millward",1
"cherri",1
"derail",1
"rehab",1
"surgeon",1
"vulner",1
"dai",1
"mileag",1
"rack",1
"invigor",1
"pector",1
"wherebi",1
"amalgam",1
"eldon",1
"gnoll",1
"howley",1
"reorgan",1
"reverend",1
"businessman",1
"dismay",1
"finlay",1
"simmer",1
"armagh",1
"beilev",1
"blomefontein",1
"bok",1
"cape",1
"confound",1
"declan",1
"duel",1
"finsih",1
"flag",1
"flop",1
"fortress",1
"fratern",1
"galway",1
"huey",1
"hutchinson",1
"larger",1
"londonderri",1
"mang",1
"merri",1
"mixtur",1
"mode",1
"patch",1
"precious",1
"sorrow",1
"strut",1
"sublimin",1
"vertic",1
"wager",1
"begrudg",1
"budget",1
"convict",1
"immers",1
"undertak",1
"unhelp",1
"uninform",1
"untru",1
"bus",1
"donor",1
"ebb",1
"moham",1
"occup",1
"rever",1
"teak",1
"bemoan",1
"bewilder",1
"bloom",1
"cement",1
"coax",1
"demolit",1
"fivesix",1
"fray",1
"guard",1
"illustr",1
"proclaim",1
"reassess",1
"reliabl",1
"sown",1
"trademark",1
"unpredict",1
"equival",1
"fleme",1
"giteau",1
"goll",1
"jonti",1
"lucio",1
"rhode",1
"ash",1
"anglo",1
"animos",1
"blemish",1
"breast",1
"brisban",1
"carwyn",1
"centenari",1
"christ",1
"churlish",1
"clem",1
"convuls",1
"davey",1
"demolish",1
"despatch",1
"disappear",1
"duli",1
"ellison",1
"empathi",1
"enlighten",1
"etho",1
"exclaim",1
"experiment",1
"eyton",1
"fern",1
"flaw",1
"fool",1
"geoffrey",1
"haden",1
"hayden",1
"inauspici",1
"instig",1
"invinc",1
"johannesburg",1
"laughter",1
"mckechni",1
"midst",1
"munro",1
"nil",1
"pakiha",1
"parad",1
"patronis",1
"pinnacl",1
"psych",1
"quittenton",1
"reflecion",1
"reignit",1
"rodney",1
"rove",1
"salvat",1
"schoolboy",1
"stoddart",1
"swat",1
"symbol",1
"tanner",1
"teddi",1
"twenti",1
"undef",1
"urgent",1
"uzzel",1
"warbrick",1
"wellington",1
"whinneray",1
"caveat",1
"exposur",1
"fragment",1
"impetus",1
"restructur",1
"timet",1
"fred",1
"recuper",1
"clout",1
"infrastructur",1
"japanes",1
"koji",1
"largest",1
"molloy",1
"stronghold",1
"agreeabl",1
"altern",1
"buffer",1
"circul",1
"devast",1
"epitom",1
"graduat",1
"irreplac",1
"lieuten",1
"manor",1
"mishap",1
"polaris",1
"pragmatist",1
"reinvent",1
"splash",1
"treasur",1
"backbon",1
"bemand",1
"biljon",1
"bucklandcockeril",1
"causeway",1
"ginsberg",1
"johnsonb",1
"rabeni",1
"relinquish",1
"salut",1
"tuilagi",1
"tuiliagi",1
"undo",1
"vesti",1
"adjudg",1
"backlin",1
"botha",1
"britz",1
"claassen",1
"jail",1
"joubert",1
"lind",1
"overlap",1
"pauls",1
"peril",1
"preez",1
"rossouw",1
"shimang",1
"stung",1
"toitj",1
"transgress",1
"venter",1
"westhuyzen",1
"wet",1
"willems",1
"alec",1
"billup",1
"chomp",1
"deputi",1
"donnacha",1
"emerick",1
"gouw",1
"hobson",1
"klerck",1
"kort",1
"macdonald",1
"osentowski",1
"petruzzella",1
"sheehan",1
"sherman",1
"shift",1
"sika",1
"timoteo",1
"tuipulotu",1
"unga",1
"viljoen",1
"waasdorp",1
"weaker",1
"wyatt",1
"anthoni",1
"omit",1
"drill",1
"federico",1
"feed",1
"fortuit",1
"gonzalo",1
"indisciplin",1
"longo",1
"manoeuvr",1
"munsterman",1
"nose",1
"rag",1
"rug",1
"sharper",1
"underneath",1
"unstructur",1
"appleford",1
"bainivalu",1
"bowl",1
"horstman",1
"kai",1
"marika",1
"nanuku",1
"neumi",1
"thirlbi",1
"tuidriva",1
"vakacegu",1
"cowan",1
"curtail",1
"dwyer",1
"holah",1
"ignit",1
"jermo",1
"keino",1
"laulala",1
"marti",1
"materialis",1
"nonu",1
"onslaught",1
"peer",1
"piri",1
"weepu",1
"film",1
"flatman",1
"haughton",1
"mony",1
"revis",1
"roqu",1
"berthinussen",1
"calum",1
"doak",1
"feather",1
"fightback",1
"frost",1
"glimmer",1
"longwel",1
"maxwel",1
"mccullough",1
"mcente",1
"millar",1
"moffat",1
"moral",1
"netherdal",1
"parr",1
"proposit",1
"rennick",1
"spite",1
"trickl",1
"beaumont",1
"cheetham",1
"christchurch",1
"compound",1
"deterior",1
"diari",1
"disillus",1
"furor",1
"louisa",1
"ramsay",1
"spin",1
"spring",1
"vent",1
"bicep",1
"haematoma",1
"harbour",1
"telegraph",1
"afteward",1
"cozza",1
"dub",1
"notic",1
"revert",1
"trilog",1
"welford",1
"jack",1
"rhodri",1
"walsh",1
"dipo",1
"dwarf",1
"excess",1
"owner",1
"ultimatum",1
"unwil",1
"kemp",1
"batter",1
"crestfallen",1
"debri",1
"emul",1
"hallow",1
"innat",1
"joie",1
"mervyn",1
"mesmeris",1
"overdr",1
"shackl",1
"surreal",1
"tide",1
"tribal",1
"vivr",1
"woo",1
"bask",1
"silent",1
"underr",1
"unstuck",1
"joynt",1
"knowsley",1
"nigg",1
"rfl",1
"bolt",1
"elleri",1
"loyal",1
"lucrat",1
"penni",1
"bracket",1
"uruguay",1
"ado",1
"bewild",1
"boom",1
"crescendo",1
"destini",1
"drift",1
"envelop",1
"frenzi",1
"gell",1
"howitz",1
"implor",1
"membership",1
"menac",1
"mesmer",1
"nerveless",1
"nonchant",1
"personifi",1
"precis",1
"prey",1
"repel",1
"retreat",1
"salvo",1
"shudder",1
"spikey",1
"stellar",1
"subdu",1
"survey",1
"swagger",1
"toy",1
"western",1
"sanzar",1
"bleus",1
"blossom",1
"celt",1
"dump",1
"elus",1
"emerald",1
"headi",1
"ignomini",1
"insignific",1
"isl",1
"jpr",1
"legion",1
"mercuri",1
"phalanx",1
"romant",1
"roost",1
"tenterhook",1
"anomali",1
"belli",1
"blazer",1
"colossus",1
"cordon",1
"cosh",1
"disintegr",1
"endear",1
"foe",1
"gobbl",1
"harangu",1
"knuckl",1
"mcdowel",1
"nfl",1
"perpetr",1
"queri",1
"slang",1
"suck",1
"tackler",1
"banish",1
"bisect",1
"blusteri",1
"consign",1
"ghost",1
"indiscret",1
"recycl",1
"shortliv",1
"sky",1
"supercharg",1
"upfield",1
"ventur",1
"capitalis",1
"fizzl",1
"foray",1
"outmuscl",1
"pendulum",1
"shave",1
"widen",1
"wriggl",1
"cring",1
"holiday",1
"joke",1
"meteor",1
"cat",1
"clearer",1
"effici",1
"curtain",1
"easiest",1
"golf",1
"handicap",1
"towel",1
"ultimit",1
"betray",1
"dismal",1
"dispens",1
"engend",1
"flimsi",1
"nibbl",1
"rectifi",1
"scoreless",1
"tat",1
"tit",1
"uner",1
"custom",1
"dusti",1
"fairway",1
"golfer",1
"precaut",1
"woe",1
"precautionari",1
"tbc",1
"tune",1
"dwell",1
"forefront",1
"heavier",1
"parcel",1
"scaveng",1
"abn",1
"amro",1
"per",1
"collegi",1
"dancev",1
"dispatch",1
"donald",1
"fifteen",1
"gambil",1
"goldstein",1
"reynold",1
"unduli",1
"improb",1
"child",1
"delgado",1
"europeafrica",1
"hander",1
"invalu",1
"mulhous",1
"plaisir",1
"curs",1
"interven",1
"till",1
"swear",1
"becker",1
"harel",1
"noam",1
"okun",1
"beatabl",1
"miami",1
"nasdaq",1
"sylvia",1
"magdaleena",1
"pratt",1
"roberta",1
"baltacha",1
"overtaken",1
"marlen",1
"thaliand",1
"weingartn",1
"antwerp",1
"marri",1
"pessimist",1
"willem",1
"murder",1
"realiz",1
"yetund",1
"abigail",1
"inexperi",1
"spear",1
"mandula",1
"nirupama",1
"petra",1
"telecast",1
"accosi",1
"fiction",1
"shamil",1
"wrongdo",1
"countrymen",1
"fill",1
"gargantuan",1
"inevit",1
"likeliest",1
"mantl",1
"quak",1
"umbrella",1
"void",1
"yugoslavian",1
"wobbl",1
"nadu",1
"scrichapan",1
"tamil",1
"unspecifi",1
"acasuso",1
"unbeliev",1
"memphi",1
"restrain",1
"matin",1
"habsudova",1
"karina",1
"kucera",1
"sore",1
"auction",1
"prevail",1
"victoria",1
"glimps",1
"rigour",1
"withstand",1
"glaxosmithklin",1
"gsk",1
"higdon",1
"hottest",1
"pharmaceut",1
"rigor",1
"damn",1
"horn",1
"leander",1
"pae",1
"tobi",1
"uncl",1
"ann",1
"bunch",1
"crowther",1
"keothavong",1
"workout",1
"sportswoman",1
"classi",1
"darn",1
"exclud",1
"flexibl",1
"medalist",1
"calcul",1
"dissatisfact",1
"partisan",1
"bloke",1
"funni",1
"humour",1
"modest",1
"tasti",1
"laker",1
"stapl",1
"cramp",1
"prematur",1
"scari",1
"ami",1
"andrei",1
"austria",1
"bjorkman",1
"bronchiti",1
"camill",1
"colombia",1
"daniilidou",1
"eleni",1
"fabiola",1
"flavia",1
"frazier",1
"frenchwoman",1
"golovin",1
"jona",1
"magdalena",1
"pavel",1
"pennetta",1
"pierc",1
"tatiana",1
"zuluaga",1
"bjorn",1
"dieter",1
"gimelstob",1
"hyuung",1
"kindlmann",1
"luczak",1
"phau",1
"calmer",1
"cypriot",1
"jarkko",1
"patchi",1
"trade",1
"benhabil",1
"sfx",1
"tarik",1
"florida",1
"sentinel",1
"standpoint",1
"chair",1
"nailbit",1
"temperatur",1
"watson",1
"trace",1
"conqueror",1
"dishearten",1
"energis",1
"jackass",1
"rodick",1
"modif",1
"frontrunn",1
"laps",1
"bang",1
"buoy",1
"deuc",1
"dink",1
"dunk",1
"fist",1
"gee",1
"grit",1
"groundstrok",1
"hangov",1
"leaden",1
"retriev",1
"roof",1
"rous",1
"shadow",1
"smack",1
"teeter",1
"unreturn",1
"acclimatis",1
"blunt",1
"convey",1
"emphasi",1
"glow",1
"hate",1
"mould",1
"nut",1
"stunt",1
"talker",1
"teach",1
"usta",1
"worker",1
"cahil",1
"casual",1
"lendl",1
"newcomb",1
"rafter",1
"berdych",1
"breathtak",1
"captiv",1
"drought",1
"gonzaelz",1
"kuerten",1
"latter",1
"nicoal",1
"steel",1
"adductor",1
"hamish",1
"osborn",1
"repetit",1
"setter",1
"krajicek",1
"meghann",1
"michaella",1
"slovak",1
"boyfriend",1
"ruffl",1
"sidestep",1
"courier",1
"privileg",1
"unwav",1
"watersh",1
"ana",1
"captur",1
"katarina",1
"melinda",1
"roundsaid",1
"srebotnik",1
"remedi",1
"sveta",1
"accuraci",1
"lena",1
"relentless",1
"radek",1
"synthet",1
"cage",1
"chaunac",1
"karlov",1
"assumpt",1
"delray",1
"maliss",1
"unimpress",1
"zib",1
"flavio",1
"luckili",1
"saretta",1
"zabaleta",1
"alyona",1
"clip",1
"erupt",1
"hometown",1
"sunk",1
"ukrain",1
"ukrainian",1
